district,record_date,weather_condition,rainfall,temperature,humidity,wind_speed,previous_cases,actual_cases
เมืองชลบุรี,2023-01-02,แจ่มใส,0.0,28.3,66.4,8.0,12,17
เมืองชลบุรี,2023-01-09,มีเมฆบางส่วน,31.7,28.8,71.8,10.6,17,25
เมืองชลบุรี,2023-01-16,แจ่มใส,0.0,28.5,63.2,10.0,25,23
เมืองชลบุรี,2023-01-23,แจ่มใส,8.3,27.8,75.0,7.6,23,23
เมืองชลบุรี,2023-01-30,แจ่มใส,4.6,28.6,70.3,8.9,23,25
เมืองชลบุรี,2023-02-06,มีเมฆบางส่วน,52.1,28.9,71.2,6.1,25,30
เมืองชลบุรี,2023-02-13,มีเมฆบางส่วน,29.8,29.1,67.1,6.1,30,30
เมืองชลบุรี,2023-02-20,มีเมฆบางส่วน,21.4,29.6,67.0,8.5,30,28
เมืองชลบุรี,2023-02-27,แจ่มใส,9.8,29.8,70.2,9.6,28,27
เมืองชลบุรี,2023-03-06,มีเมฆบางส่วน,18.7,30.6,62.8,7.3,27,26
เมืองชลบุรี,2023-03-13,แจ่มใส,0.0,30.0,75.5,6.0,26,30
เมืองชลบุรี,2023-03-20,แจ่มใส,0.0,29.9,68.8,9.3,30,29
เมืองชลบุรี,2023-03-27,มีเมฆบางส่วน,29.8,29.9,69.0,10.0,29,28
เมืองชลบุรี,2023-04-03,แจ่มใส,4.4,30.1,63.9,9.1,28,26
เมืองชลบุรี,2023-04-10,มีเมฆบางส่วน,47.7,30.5,74.0,9.4,26,28
เมืองชลบุรี,2023-04-17,มีเมฆบางส่วน,42.5,30.4,70.9,7.1,28,26
เมืองชลบุรี,2023-04-24,มีเมฆบางส่วน,43.2,30.5,72.8,9.1,26,30
เมืองชลบุรี,2023-05-01,ฝนตก,74.6,31.0,74.1,7.8,30,27
เมืองชลบุรี,2023-05-08,มีเมฆบางส่วน,28.2,30.2,66.1,8.9,27,25
เมืองชลบุรี,2023-05-15,มีเมฆบางส่วน,51.7,32.0,71.9,9.7,25,27
เมืองชลบุรี,2023-05-22,มีเมฆบางส่วน,55.5,30.4,72.4,9.9,27,24
เมืองชลบุรี,2023-05-29,ฝนตก,69.6,31.3,72.7,4.7,24,31
เมืองชลบุรี,2023-06-05,ฝนตก,75.9,31.0,76.5,11.7,31,32
เมืองชลบุรี,2023-06-12,มีเมฆมาก,65.0,31.0,76.2,11.1,32,35
เมืองชลบุรี,2023-06-19,ฝนตก,95.4,31.9,72.5,6.5,35,33
เมืองชลบุรี,2023-06-26,ฝนตก,78.9,29.9,79.9,7.5,33,29
เมืองชลบุรี,2023-07-03,ฝนตก,85.3,30.4,81.6,12.6,29,42
เมืองชลบุรี,2023-07-10,ฝนฟ้าคะนอง,116.7,29.5,70.2,8.6,42,34
เมืองชลบุรี,2023-07-17,ฝนตก,98.5,29.7,78.1,10.5,34,35
เมืองชลบุรี,2023-07-24,ฝนตก,104.1,29.4,71.1,6.9,35,34
เมืองชลบุรี,2023-07-31,ฝนฟ้าคะนอง,146.5,30.2,89.0,6.9,34,35
เมืองชลบุรี,2023-08-07,ฝนตก,93.8,28.7,89.0,6.1,35,38
เมืองชลบุรี,2023-08-14,ฝนตก,95.1,29.9,80.4,7.6,38,36
เมืองชลบุรี,2023-08-21,ฝนตก,100.6,29.5,76.8,5.2,36,31
เมืองชลบุรี,2023-08-28,ฝนฟ้าคะนอง,118.8,30.3,81.9,7.7,31,37
เมืองชลบุรี,2023-09-04,ฝนฟ้าคะนอง,136.4,28.4,80.9,10.5,37,38
เมืองชลบุรี,2023-09-11,ฝนฟ้าคะนอง,141.4,28.4,77.4,4.9,38,43
เมืองชลบุรี,2023-09-18,ฝนฟ้าคะนอง,145.6,28.1,82.1,11.4,43,35
เมืองชลบุรี,2023-09-25,ฝนตก,87.9,28.7,75.7,8.0,35,33
เมืองชลบุรี,2023-10-02,ฝนตก,94.9,28.5,78.9,9.5,33,27
เมืองชลบุรี,2023-10-09,ฝนตก,86.4,27.0,71.4,6.0,27,28
เมืองชลบุรี,2023-10-16,ฝนฟ้าคะนอง,107.6,26.6,80.0,6.9,28,30
เมืองชลบุรี,2023-10-23,ฝนฟ้าคะนอง,109.6,27.9,86.7,7.6,30,31
เมืองชลบุรี,2023-10-30,ฝนตก,82.6,27.7,78.0,5.5,31,32
เมืองชลบุรี,2023-11-06,ฝนตก,65.0,29.1,84.5,6.0,32,32
เมืองชลบุรี,2023-11-13,มีเมฆบางส่วน,27.8,26.9,72.6,10.8,32,25
เมืองชลบุรี,2023-11-20,มีเมฆบางส่วน,45.6,25.8,72.2,5.6,25,25
เมืองชลบุรี,2023-11-27,มีเมฆบางส่วน,40.7,27.2,63.7,4.6,25,32
เมืองชลบุรี,2023-12-04,มีเมฆมาก,4.2,26.8,77.6,14.7,32,22
เมืองชลบุรี,2023-12-11,มีเมฆมาก,24.4,27.8,79.3,5.7,22,25
เมืองชลบุรี,2023-12-18,มีเมฆบางส่วน,49.6,27.9,71.6,7.7,25,23
เมืองชลบุรี,2023-12-25,มีเมฆบางส่วน,27.3,27.4,72.2,6.7,23,26
เมืองชลบุรี,2024-01-01,มีเมฆบางส่วน,34.6,28.4,73.6,8.1,26,27
เมืองชลบุรี,2024-01-08,แจ่มใส,0.0,28.5,67.5,12.8,27,29
เมืองชลบุรี,2024-01-15,มีเมฆบางส่วน,20.9,27.7,64.7,10.7,29,26
เมืองชลบุรี,2024-01-22,มีเมฆบางส่วน,22.9,27.0,75.2,9.0,26,22
เมืองชลบุรี,2024-01-29,แจ่มใส,2.0,28.4,68.5,7.3,22,23
เมืองชลบุรี,2024-02-05,แจ่มใส,0.0,29.3,75.4,2.1,23,25
เมืองชลบุรี,2024-02-12,แจ่มใส,8.9,29.4,67.1,4.0,25,27
เมืองชลบุรี,2024-02-19,มีเมฆมาก,43.0,28.1,77.0,7.2,27,28
เมืองชลบุรี,2024-02-26,แจ่มใส,0.0,29.0,74.5,9.3,28,32
เมืองชลบุรี,2024-03-04,มีเมฆมาก,38.3,30.5,80.9,9.0,32,34
เมืองชลบุรี,2024-03-11,แจ่มใส,5.8,30.2,65.2,10.3,34,24
เมืองชลบุรี,2024-03-18,มีเมฆมาก,29.6,30.0,77.1,9.7,24,33
เมืองชลบุรี,2024-03-25,มีเมฆบางส่วน,28.4,29.0,70.8,5.3,33,28
เมืองชลบุรี,2024-04-01,ฝนตก,65.7,31.3,71.7,5.7,28,32
เมืองชลบุรี,2024-04-08,แจ่มใส,5.7,30.4,70.2,10.7,32,30
เมืองชลบุรี,2024-04-15,แจ่มใส,0.0,31.1,68.4,9.0,30,33
เมืองชลบุรี,2024-04-22,แจ่มใส,0.0,30.4,71.0,4.4,33,34
เมืองชลบุรี,2024-04-29,มีเมฆบางส่วน,40.6,31.4,69.6,9.9,34,35
เมืองชลบุรี,2024-05-06,ฝนตก,65.1,31.3,76.5,6.0,35,34
เมืองชลบุรี,2024-05-13,มีเมฆมาก,56.6,31.4,79.2,5.6,34,34
เมืองชลบุรี,2024-05-20,ฝนตก,92.6,30.6,74.1,8.5,34,37
เมืองชลบุรี,2024-05-27,มีเมฆมาก,60.3,32.0,78.9,9.9,37,37
เมืองชลบุรี,2024-06-03,ฝนฟ้าคะนอง,138.7,30.7,73.2,11.7,37,36
เมืองชลบุรี,2024-06-10,ฝนตก,89.9,31.8,69.9,5.1,36,31
เมืองชลบุรี,2024-06-17,ฝนตก,70.0,31.2,78.3,8.6,31,29
เมืองชลบุรี,2024-06-24,มีเมฆบางส่วน,36.7,30.9,69.7,9.1,29,32
เมืองชลบุรี,2024-07-01,ฝนฟ้าคะนอง,110.7,30.7,81.3,9.2,32,33
เมืองชลบุรี,2024-07-08,ฝนตก,103.7,30.3,83.5,7.1,33,38
เมืองชลบุรี,2024-07-15,ฝนตก,101.8,30.1,83.3,3.4,38,34
เมืองชลบุรี,2024-07-22,ฝนตก,75.0,28.5,72.9,9.7,34,31
เมืองชลบุรี,2024-07-29,ฝนฟ้าคะนอง,112.0,30.9,87.0,7.8,31,41
เมืองชลบุรี,2024-08-05,ฝนฟ้าคะนอง,117.0,28.6,77.9,4.6,41,35
เมืองชลบุรี,2024-08-12,ฝนฟ้าคะนอง,107.1,29.8,88.4,4.8,35,38
เมืองชลบุรี,2024-08-19,ฝนตก,92.1,29.5,77.5,3.8,38,39
เมืองชลบุรี,2024-08-26,ฝนตก,101.7,28.8,73.8,6.5,39,37
เมืองชลบุรี,2024-09-02,ฝนตก,103.5,28.5,81.2,11.0,37,34
เมืองชลบุรี,2024-09-09,ฝนตก,75.1,29.0,74.6,10.6,34,33
เมืองชลบุรี,2024-09-16,ฝนตก,104.7,28.5,89.3,12.8,33,35
เมืองชลบุรี,2024-09-23,ฝนฟ้าคะนอง,111.2,29.0,76.0,8.8,35,35
เมืองชลบุรี,2024-09-30,ฝนฟ้าคะนอง,114.5,27.7,72.7,3.2,35,31
เมืองชลบุรี,2024-10-07,ฝนตก,77.4,27.3,86.2,10.5,31,28
เมืองชลบุรี,2024-10-14,ฝนตก,95.1,27.3,77.0,8.4,28,32
เมืองชลบุรี,2024-10-21,ฝนตก,80.0,28.3,71.1,8.0,32,39
เมืองชลบุรี,2024-10-28,ฝนตก,92.4,28.6,78.6,9.3,39,35
เมืองชลบุรี,2024-11-04,มีเมฆมาก,56.3,26.8,76.3,6.0,35,33
เมืองชลบุรี,2024-11-11,ฝนตก,83.9,27.6,75.8,9.0,33,30
เมืองชลบุรี,2024-11-18,ฝนตก,80.6,26.0,75.2,3.4,30,26
เมืองชลบุรี,2024-11-25,ฝนตก,90.0,27.9,74.3,4.5,26,21
เมืองชลบุรี,2024-12-02,มีเมฆบางส่วน,20.5,29.2,72.4,6.7,21,27
เมืองชลบุรี,2024-12-09,แจ่มใส,0.0,27.3,68.5,7.8,27,27
เมืองชลบุรี,2024-12-16,มีเมฆบางส่วน,40.1,28.0,69.0,10.1,27,32
เมืองชลบุรี,2024-12-23,แจ่มใส,11.2,26.9,75.9,7.6,32,31
เมืองชลบุรี,2024-12-30,มีเมฆบางส่วน,22.8,28.6,71.2,8.6,31,33
เมืองชลบุรี,2025-01-06,แจ่มใส,4.4,27.6,66.2,9.0,33,21
เมืองชลบุรี,2025-01-13,มีเมฆมาก,26.4,27.9,76.6,2.5,21,23
เมืองชลบุรี,2025-01-20,แจ่มใส,0.0,27.7,69.2,7.6,23,22
เมืองชลบุรี,2025-01-27,แจ่มใส,8.9,28.4,63.9,9.6,22,25
เมืองชลบุรี,2025-02-03,แจ่มใส,13.5,29.6,71.0,12.7,25,25
เมืองชลบุรี,2025-02-10,แจ่มใส,0.0,28.7,62.8,5.1,25,21
เมืองชลบุรี,2025-02-17,แจ่มใส,3.4,29.4,68.6,6.2,21,27
เมืองชลบุรี,2025-02-24,มีเมฆบางส่วน,21.3,29.1,67.1,9.3,27,27
เมืองชลบุรี,2025-03-03,แจ่มใส,0.0,30.1,69.3,5.9,27,27
เมืองชลบุรี,2025-03-10,แจ่มใส,0.0,31.1,74.2,7.4,27,29
เมืองชลบุรี,2025-03-17,แจ่มใส,0.0,29.3,66.5,5.5,29,29
เมืองชลบุรี,2025-03-24,มีเมฆบางส่วน,56.3,29.3,70.0,8.5,29,35
เมืองชลบุรี,2025-03-31,มีเมฆมาก,0.0,30.3,77.1,4.2,35,26
เมืองชลบุรี,2025-04-07,มีเมฆบางส่วน,23.2,30.5,74.6,8.6,26,22
เมืองชลบุรี,2025-04-14,มีเมฆมาก,43.8,30.4,79.2,6.6,22,27
เมืองชลบุรี,2025-04-21,มีเมฆบางส่วน,44.4,31.4,75.1,4.1,27,33
เมืองชลบุรี,2025-04-28,แจ่มใส,9.7,31.0,62.0,9.0,33,26
เมืองชลบุรี,2025-05-05,มีเมฆบางส่วน,31.8,31.6,72.7,6.6,26,34
เมืองชลบุรี,2025-05-12,มีเมฆบางส่วน,50.3,31.1,74.9,6.6,34,35
เมืองชลบุรี,2025-05-19,มีเมฆมาก,48.3,30.8,80.1,5.6,35,26
เมืองชลบุรี,2025-05-26,ฝนตก,95.4,32.9,76.5,3.5,26,34
เมืองชลบุรี,2025-06-02,ฝนตก,81.2,30.7,71.4,9.3,34,35
เมืองชลบุรี,2025-06-09,มีเมฆมาก,54.6,31.3,84.3,8.4,35,34
เมืองชลบุรี,2025-06-16,ฝนตก,84.4,31.3,68.6,8.4,34,33
เมืองชลบุรี,2025-06-23,ฝนฟ้าคะนอง,128.2,30.7,90.4,5.5,33,41
เมืองชลบุรี,2025-06-30,ฝนตก,94.5,30.2,79.3,10.8,41,36
เมืองชลบุรี,2025-07-07,ฝนตก,70.4,30.1,71.2,7.2,36,33
เมืองชลบุรี,2025-07-14,ฝนตก,70.1,29.0,78.1,6.8,33,24
เมืองชลบุรี,2025-07-21,ฝนฟ้าคะนอง,124.9,30.3,78.2,5.0,24,37
เมืองชลบุรี,2025-07-28,ฝนฟ้าคะนอง,115.3,31.8,82.8,8.9,37,38
เมืองชลบุรี,2025-08-04,ฝนฟ้าคะนอง,133.0,29.6,88.9,6.8,38,38
เมืองชลบุรี,2025-08-11,ฝนตก,104.5,29.8,87.0,6.9,38,36
เมืองชลบุรี,2025-08-18,ฝนฟ้าคะนอง,121.9,29.0,86.2,2.8,36,35
เมืองชลบุรี,2025-08-25,ฝนตก,97.8,27.6,73.9,5.9,35,32
เมืองชลบุรี,2025-09-01,ฝนฟ้าคะนอง,132.1,28.1,77.4,7.9,32,38
เมืองชลบุรี,2025-09-08,ฝนตก,86.2,27.6,80.3,7.5,38,36
เมืองชลบุรี,2025-09-15,ฝนฟ้าคะนอง,107.3,28.7,74.6,8.0,36,34
เมืองชลบุรี,2025-09-22,ฝนตก,80.9,27.2,80.3,7.2,34,29
เมืองชลบุรี,2025-09-29,ฝนฟ้าคะนอง,105.5,29.0,68.2,4.6,29,29
เมืองชลบุรี,2025-10-06,ฝนฟ้าคะนอง,119.6,27.8,85.0,5.4,29,30
เมืองชลบุรี,2025-10-13,ฝนตก,97.4,27.6,81.5,7.6,30,33
เมืองชลบุรี,2025-10-20,ฝนตก,91.0,28.1,82.0,4.3,33,26
เมืองชลบุรี,2025-10-27,ฝนฟ้าคะนอง,109.5,28.4,74.9,3.7,26,32
เมืองชลบุรี,2025-11-03,ฝนตก,80.5,28.6,79.4,7.1,32,30
เมืองชลบุรี,2025-11-10,มีเมฆบางส่วน,60.3,27.1,69.6,12.7,30,33
เมืองชลบุรี,2025-11-17,ฝนตก,85.0,26.7,81.6,9.5,33,33
เมืองชลบุรี,2025-11-24,ฝนตก,87.5,27.7,81.3,9.5,33,33
เมืองชลบุรี,2025-12-01,แจ่มใส,0.0,27.6,65.2,5.1,33,32
เมืองชลบุรี,2025-12-08,ฝนตก,70.5,28.5,77.0,11.1,32,31
เมืองชลบุรี,2025-12-15,มีเมฆบางส่วน,37.0,26.8,74.1,8.1,31,24
เมืองชลบุรี,2025-12-22,มีเมฆมาก,31.4,27.5,80.4,10.1,24,26
บ้านบึง,2023-01-02,แจ่มใส,0.0,27.4,70.6,8.9,7,7
บ้านบึง,2023-01-09,แจ่มใส,9.7,28.9,74.4,10.4,7,15
บ้านบึง,2023-01-16,แจ่มใส,0.0,27.5,69.7,8.9,15,19
บ้านบึง,2023-01-23,มีเมฆบางส่วน,36.6,28.2,65.8,7.3,19,20
บ้านบึง,2023-01-30,แจ่มใส,7.9,27.8,70.1,6.8,20,16
บ้านบึง,2023-02-06,แจ่มใส,11.9,28.9,70.5,8.6,16,14
บ้านบึง,2023-02-13,แจ่มใส,0.0,30.2,62.2,3.1,14,11
บ้านบึง,2023-02-20,แจ่มใส,5.6,29.2,68.0,10.8,11,7
บ้านบึง,2023-02-27,แจ่มใส,13.7,30.3,63.9,7.1,7,13
บ้านบึง,2023-03-06,แจ่มใส,0.0,29.9,75.1,12.2,13,16
บ้านบึง,2023-03-13,มีเมฆมาก,54.3,30.2,82.7,7.8,16,23
บ้านบึง,2023-03-20,มีเมฆบางส่วน,20.4,32.4,74.5,6.4,23,27
บ้านบึง,2023-03-27,แจ่มใส,4.4,29.8,73.0,8.1,27,23
บ้านบึง,2023-04-03,มีเมฆบางส่วน,32.8,31.1,73.7,3.5,23,26
บ้านบึง,2023-04-10,แจ่มใส,10.9,29.8,68.9,8.2,26,19
บ้านบึง,2023-04-17,มีเมฆบางส่วน,50.8,29.9,71.6,6.7,19,22
บ้านบึง,2023-04-24,มีเมฆบางส่วน,38.6,30.1,75.9,8.1,22,17
บ้านบึง,2023-05-01,แจ่มใส,16.9,31.1,68.8,7.8,17,20
บ้านบึง,2023-05-08,มีเมฆบางส่วน,65.0,31.8,69.6,5.3,20,21
บ้านบึง,2023-05-15,ฝนตก,66.4,32.0,73.1,2.2,21,20
บ้านบึง,2023-05-22,มีเมฆบางส่วน,41.7,30.7,70.5,8.1,20,21
บ้านบึง,2023-05-29,ฝนตก,83.1,30.6,72.8,9.1,21,20
บ้านบึง,2023-06-05,ฝนตก,96.1,30.9,77.8,11.7,20,24
บ้านบึง,2023-06-12,ฝนฟ้าคะนอง,132.8,30.7,76.2,8.2,24,25
บ้านบึง,2023-06-19,ฝนตก,71.0,31.1,78.6,6.6,25,30
บ้านบึง,2023-06-26,ฝนฟ้าคะนอง,113.0,31.9,83.1,11.1,30,25
บ้านบึง,2023-07-03,ฝนตก,100.6,29.5,79.7,6.7,25,27
บ้านบึง,2023-07-10,ฝนฟ้าคะนอง,149.0,30.0,86.5,7.5,27,32
บ้านบึง,2023-07-17,ฝนฟ้าคะนอง,107.8,30.5,85.7,11.8,32,32
บ้านบึง,2023-07-24,ฝนฟ้าคะนอง,120.6,29.3,80.8,10.2,32,33
บ้านบึง,2023-07-31,ฝนฟ้าคะนอง,112.3,30.8,82.8,10.8,33,32
บ้านบึง,2023-08-07,ฝนฟ้าคะนอง,107.2,29.4,65.1,8.9,32,16
บ้านบึง,2023-08-14,ฝนตก,77.1,29.5,78.9,5.3,16,21
บ้านบึง,2023-08-21,ฝนฟ้าคะนอง,145.2,28.9,95.2,8.0,21,31
บ้านบึง,2023-08-28,ฝนฟ้าคะนอง,150.6,29.3,79.6,7.7,31,31
บ้านบึง,2023-09-04,ฝนตก,77.6,28.1,72.8,10.1,31,25
บ้านบึง,2023-09-11,ฝนตก,101.4,28.2,80.3,9.4,25,23
บ้านบึง,2023-09-18,ฝนตก,84.7,29.0,75.3,4.7,23,26
บ้านบึง,2023-09-25,ฝนฟ้าคะนอง,117.8,27.2,82.1,9.7,26,28
บ้านบึง,2023-10-02,ฝนตก,101.4,26.6,80.8,7.3,28,25
บ้านบึง,2023-10-09,ฝนฟ้าคะนอง,106.7,28.6,88.7,11.0,25,27
บ้านบึง,2023-10-16,ฝนตก,95.3,28.1,79.1,8.3,27,29
บ้านบึง,2023-10-23,ฝนตก,86.2,27.0,75.4,9.5,29,25
บ้านบึง,2023-10-30,ฝนตก,95.0,28.0,76.6,9.7,25,26
บ้านบึง,2023-11-06,มีเมฆบางส่วน,32.8,28.3,69.1,4.2,26,19
บ้านบึง,2023-11-13,มีเมฆบางส่วน,37.5,27.3,70.8,7.2,19,21
บ้านบึง,2023-11-20,ฝนตก,67.5,27.5,77.5,9.4,21,15
บ้านบึง,2023-11-27,มีเมฆบางส่วน,52.0,25.8,73.9,8.0,15,22
บ้านบึง,2023-12-04,มีเมฆบางส่วน,58.6,27.7,71.9,9.1,22,19
บ้านบึง,2023-12-11,มีเมฆบางส่วน,32.5,28.2,68.8,9.9,19,21
บ้านบึง,2023-12-18,แจ่มใส,11.5,28.2,72.8,8.2,21,16
บ้านบึง,2023-12-25,แจ่มใส,13.6,27.2,72.2,5.8,16,18
บ้านบึง,2024-01-01,แจ่มใส,0.0,28.1,68.5,13.6,18,12
บ้านบึง,2024-01-08,มีเมฆบางส่วน,44.8,28.4,75.0,8.3,12,20
บ้านบึง,2024-01-15,แจ่มใส,9.0,29.3,66.7,10.6,20,16
บ้านบึง,2024-01-22,แจ่มใส,11.0,27.5,71.5,11.3,16,16
บ้านบึง,2024-01-29,แจ่มใส,8.0,27.5,67.7,4.3,16,14
บ้านบึง,2024-02-05,มีเมฆมาก,10.0,30.1,83.1,6.7,14,24
บ้านบึง,2024-02-12,แจ่มใส,10.4,29.1,71.3,8.1,24,21
บ้านบึง,2024-02-19,แจ่มใส,0.0,28.2,60.3,9.5,21,16
บ้านบึง,2024-02-26,แจ่มใส,0.0,29.2,72.0,8.4,16,15
บ้านบึง,2024-03-04,มีเมฆบางส่วน,39.3,31.3,74.8,10.2,15,25
บ้านบึง,2024-03-11,มีเมฆบางส่วน,37.2,30.6,75.1,9.2,25,20
บ้านบึง,2024-03-18,มีเมฆบางส่วน,27.8,29.2,67.1,11.0,20,22
บ้านบึง,2024-03-25,มีเมฆบางส่วน,45.1,30.0,67.2,7.4,22,22
บ้านบึง,2024-04-01,มีเมฆบางส่วน,34.2,31.6,70.0,8.8,22,20
บ้านบึง,2024-04-08,มีเมฆบางส่วน,42.4,30.8,68.9,7.5,20,21
บ้านบึง,2024-04-15,มีเมฆบางส่วน,26.6,32.1,70.4,7.4,21,16
บ้านบึง,2024-04-22,แจ่มใส,12.8,30.7,66.0,11.2,16,18
บ้านบึง,2024-04-29,มีเมฆบางส่วน,60.8,30.9,74.9,7.8,18,23
บ้านบึง,2024-05-06,ฝนตก,97.8,29.5,68.8,6.8,23,25
บ้านบึง,2024-05-13,ฝนตก,75.2,31.4,74.3,10.3,25,29
บ้านบึง,2024-05-20,มีเมฆมาก,64.0,31.8,76.4,6.7,29,30
บ้านบึง,2024-05-27,มีเมฆมาก,62.4,31.1,82.2,2.4,30,24
บ้านบึง,2024-06-03,มีเมฆบางส่วน,61.4,30.6,73.5,4.5,24,22
บ้านบึง,2024-06-10,ฝนตก,68.6,32.6,84.6,7.1,22,26
บ้านบึง,2024-06-17,มีเมฆบางส่วน,62.2,29.5,74.3,5.7,26,25
บ้านบึง,2024-06-24,มีเมฆบางส่วน,52.3,30.3,74.5,8.8,25,26
บ้านบึง,2024-07-01,ฝนตก,78.6,30.7,72.6,9.5,26,26
บ้านบึง,2024-07-08,ฝนตก,77.4,29.9,78.3,9.4,26,26
บ้านบึง,2024-07-15,ฝนฟ้าคะนอง,141.3,30.9,82.3,9.7,26,37
บ้านบึง,2024-07-22,ฝนฟ้าคะนอง,150.8,29.3,80.0,11.4,37,30
บ้านบึง,2024-07-29,ฝนตก,78.5,29.8,78.7,7.8,30,25
บ้านบึง,2024-08-05,ฝนตก,100.2,28.7,74.6,13.2,25,26
บ้านบึง,2024-08-12,ฝนฟ้าคะนอง,134.5,28.9,81.9,6.4,26,21
บ้านบึง,2024-08-19,ฝนตก,84.7,27.9,66.1,5.3,21,27
บ้านบึง,2024-08-26,ฝนฟ้าคะนอง,114.0,30.1,82.6,9.8,27,26
บ้านบึง,2024-09-02,ฝนฟ้าคะนอง,119.2,28.8,78.2,9.3,26,29
บ้านบึง,2024-09-09,ฝนตก,95.5,27.5,72.6,8.2,29,27
บ้านบึง,2024-09-16,ฝนตก,90.2,28.3,80.8,9.4,27,31
บ้านบึง,2024-09-23,ฝนฟ้าคะนอง,135.7,27.5,91.3,6.8,31,34
บ้านบึง,2024-09-30,ฝนฟ้าคะนอง,109.1,28.0,71.0,7.6,34,23
บ้านบึง,2024-10-07,ฝนฟ้าคะนอง,108.8,28.6,76.0,8.7,23,23
บ้านบึง,2024-10-14,ฝนตก,73.7,28.1,75.9,12.0,23,21
บ้านบึง,2024-10-21,ฝนฟ้าคะนอง,109.5,27.6,84.0,7.0,21,25
บ้านบึง,2024-10-28,ฝนตก,85.0,27.0,80.7,9.5,25,26
บ้านบึง,2024-11-04,ฝนตก,93.8,28.3,76.4,8.9,26,23
บ้านบึง,2024-11-11,มีเมฆมาก,60.5,26.9,82.8,8.8,23,22
บ้านบึง,2024-11-18,ฝนตก,86.3,25.8,67.4,9.8,22,22
บ้านบึง,2024-11-25,ฝนตก,65.5,26.4,75.1,12.6,22,24
บ้านบึง,2024-12-02,มีเมฆบางส่วน,36.2,27.2,70.0,3.1,24,22
บ้านบึง,2024-12-09,มีเมฆบางส่วน,51.1,26.5,70.3,5.3,22,17
บ้านบึง,2024-12-16,มีเมฆบางส่วน,33.7,26.1,74.8,9.7,17,17
บ้านบึง,2024-12-23,แจ่มใส,0.0,26.9,74.2,1.6,17,16
บ้านบึง,2024-12-30,แจ่มใส,6.5,28.1,65.3,8.9,16,18
บ้านบึง,2025-01-06,มีเมฆบางส่วน,52.8,28.1,75.7,4.6,18,25
บ้านบึง,2025-01-13,แจ่มใส,0.0,27.9,67.9,4.4,25,20
บ้านบึง,2025-01-20,มีเมฆบางส่วน,33.7,28.5,63.8,7.7,20,21
บ้านบึง,2025-01-27,แจ่มใส,0.0,27.5,72.4,8.6,21,19
บ้านบึง,2025-02-03,มีเมฆมาก,45.9,29.5,76.3,14.2,19,20
บ้านบึง,2025-02-10,แจ่มใส,0.0,29.5,70.2,6.8,20,16
บ้านบึง,2025-02-17,มีเมฆบางส่วน,55.8,29.4,70.5,10.1,16,20
บ้านบึง,2025-02-24,แจ่มใส,0.0,29.6,61.5,8.8,20,24
บ้านบึง,2025-03-03,มีเมฆบางส่วน,22.6,29.9,68.0,7.1,24,21
บ้านบึง,2025-03-10,แจ่มใส,4.1,30.8,59.8,10.0,21,18
บ้านบึง,2025-03-17,มีเมฆมาก,20.7,29.4,76.9,10.9,18,23
บ้านบึง,2025-03-24,แจ่มใส,0.0,30.7,70.0,4.3,23,21
บ้านบึง,2025-03-31,มีเมฆบางส่วน,20.4,30.5,71.1,8.7,21,26
บ้านบึง,2025-04-07,มีเมฆบางส่วน,59.5,28.8,73.0,7.6,26,18
บ้านบึง,2025-04-14,มีเมฆบางส่วน,34.6,31.7,66.4,8.8,18,18
บ้านบึง,2025-04-21,แจ่มใส,17.7,31.9,67.2,9.1,18,14
บ้านบึง,2025-04-28,ฝนตก,73.5,31.3,75.2,9.3,14,18
บ้านบึง,2025-05-05,ฝนตก,86.0,30.9,76.4,6.9,18,23
บ้านบึง,2025-05-12,ฝนตก,75.3,31.3,79.5,8.0,23,28
บ้านบึง,2025-05-19,มีเมฆบางส่วน,50.8,32.7,65.7,10.9,28,30
บ้านบึง,2025-05-26,มีเมฆมาก,41.3,32.7,77.5,10.2,30,27
บ้านบึง,2025-06-02,ฝนตก,82.7,30.7,79.1,11.2,27,28
บ้านบึง,2025-06-09,ฝนตก,67.4,31.4,80.0,9.5,28,30
บ้านบึง,2025-06-16,ฝนตก,81.5,30.2,72.6,4.2,30,29
บ้านบึง,2025-06-23,ฝนตก,85.7,30.5,62.6,5.1,29,30
บ้านบึง,2025-06-30,ฝนตก,72.9,31.1,69.1,11.3,30,26
บ้านบึง,2025-07-07,ฝนฟ้าคะนอง,114.0,31.8,88.1,7.3,26,29
บ้านบึง,2025-07-14,ฝนตก,100.5,30.5,78.5,7.1,29,34
บ้านบึง,2025-07-21,ฝนฟ้าคะนอง,105.1,31.8,80.0,12.1,34,33
บ้านบึง,2025-07-28,ฝนฟ้าคะนอง,128.8,29.6,77.9,9.1,33,34
บ้านบึง,2025-08-04,ฝนฟ้าคะนอง,115.9,28.3,73.9,4.7,34,24
บ้านบึง,2025-08-11,ฝนฟ้าคะนอง,117.4,30.0,80.8,2.8,24,28
บ้านบึง,2025-08-18,ฝนฟ้าคะนอง,111.4,30.7,73.0,7.1,28,34
บ้านบึง,2025-08-25,ฝนฟ้าคะนอง,124.9,29.6,82.3,8.8,34,34
บ้านบึง,2025-09-01,ฝนตก,89.8,28.9,71.0,8.8,34,28
บ้านบึง,2025-09-08,ฝนตก,94.1,28.2,75.2,5.5,28,25
บ้านบึง,2025-09-15,ฝนตก,83.3,28.5,71.4,9.6,25,20
บ้านบึง,2025-09-22,ฝนตก,95.2,27.8,85.1,8.8,20,24
บ้านบึง,2025-09-29,ฝนฟ้าคะนอง,118.6,26.8,80.8,12.6,24,26
บ้านบึง,2025-10-06,ฝนตก,89.0,27.9,82.3,3.4,26,21
บ้านบึง,2025-10-13,ฝนตก,92.1,27.1,84.7,7.3,21,18
บ้านบึง,2025-10-20,มีเมฆบางส่วน,59.6,25.6,73.4,7.6,18,18
บ้านบึง,2025-10-27,ฝนฟ้าคะนอง,111.2,28.4,79.4,3.1,18,27
บ้านบึง,2025-11-03,ฝนตก,72.2,27.5,80.9,5.3,27,31
บ้านบึง,2025-11-10,มีเมฆบางส่วน,38.9,27.8,63.8,5.9,31,27
บ้านบึง,2025-11-17,มีเมฆบางส่วน,54.3,27.9,75.2,7.8,27,28
บ้านบึง,2025-11-24,มีเมฆบางส่วน,54.8,26.1,70.0,9.3,28,23
บ้านบึง,2025-12-01,แจ่มใส,0.0,27.0,65.1,7.2,23,13
บ้านบึง,2025-12-08,มีเมฆบางส่วน,18.7,27.0,73.9,9.9,13,15
บ้านบึง,2025-12-15,มีเมฆบางส่วน,23.9,27.7,66.5,5.4,15,14
บ้านบึง,2025-12-22,มีเมฆบางส่วน,18.5,26.7,70.8,9.7,14,11
หนองใหญ่,2023-01-02,แจ่มใส,0.0,27.4,68.1,10.4,4,2
หนองใหญ่,2023-01-09,มีเมฆบางส่วน,20.0,29.1,69.4,9.3,2,9
หนองใหญ่,2023-01-16,แจ่มใส,9.7,27.1,57.3,10.2,9,7
หนองใหญ่,2023-01-23,แจ่มใส,2.3,27.3,61.2,7.6,7,8
หนองใหญ่,2023-01-30,มีเมฆบางส่วน,20.7,28.6,71.9,8.5,8,18
หนองใหญ่,2023-02-06,แจ่มใส,0.0,29.2,73.7,10.9,18,11
หนองใหญ่,2023-02-13,แจ่มใส,0.0,30.2,70.5,8.4,11,14
หนองใหญ่,2023-02-20,แจ่มใส,0.0,29.4,66.7,7.9,14,15
หนองใหญ่,2023-02-27,มีเมฆมาก,0.0,29.6,82.6,3.9,15,18
หนองใหญ่,2023-03-06,แจ่มใส,0.0,30.6,68.2,9.8,18,20
หนองใหญ่,2023-03-13,แจ่มใส,16.6,30.9,58.1,11.7,20,18
หนองใหญ่,2023-03-20,มีเมฆบางส่วน,36.1,29.3,67.8,8.3,18,17
หนองใหญ่,2023-03-27,มีเมฆบางส่วน,18.6,30.9,61.2,10.2,17,17
หนองใหญ่,2023-04-03,มีเมฆบางส่วน,28.0,29.8,73.6,2.4,17,21
หนองใหญ่,2023-04-10,แจ่มใส,0.0,30.9,67.4,10.7,21,17
หนองใหญ่,2023-04-17,มีเมฆมาก,17.2,30.5,76.3,9.2,17,17
หนองใหญ่,2023-04-24,มีเมฆบางส่วน,27.3,29.7,72.9,4.0,17,21
หนองใหญ่,2023-05-01,มีเมฆบางส่วน,62.8,32.8,69.4,7.8,21,29
หนองใหญ่,2023-05-08,ฝนตก,86.2,30.6,78.6,8.0,29,27
หนองใหญ่,2023-05-15,มีเมฆบางส่วน,44.6,31.0,64.9,8.3,27,23
หนองใหญ่,2023-05-22,มีเมฆมาก,55.0,30.0,79.0,8.8,23,20
หนองใหญ่,2023-05-29,มีเมฆบางส่วน,53.8,30.0,68.8,6.8,20,24
หนองใหญ่,2023-06-05,ฝนตก,73.4,31.3,73.4,8.6,24,23
หนองใหญ่,2023-06-12,ฝนฟ้าคะนอง,106.7,30.5,71.9,4.8,23,23
หนองใหญ่,2023-06-19,มีเมฆบางส่วน,60.0,31.1,72.3,13.5,23,16
หนองใหญ่,2023-06-26,ฝนตก,92.0,30.1,75.7,8.3,16,14
หนองใหญ่,2023-07-03,ฝนฟ้าคะนอง,112.8,31.5,78.1,8.6,14,27
หนองใหญ่,2023-07-10,ฝนตก,104.0,29.7,68.1,9.5,27,24
หนองใหญ่,2023-07-17,ฝนตก,85.4,30.2,74.5,6.8,24,26
หนองใหญ่,2023-07-24,ฝนตก,78.2,30.9,69.6,6.5,26,30
หนองใหญ่,2023-07-31,ฝนฟ้าคะนอง,132.4,30.2,77.9,6.8,30,29
หนองใหญ่,2023-08-07,ฝนฟ้าคะนอง,115.8,29.1,80.6,7.5,29,22
หนองใหญ่,2023-08-14,ฝนตก,103.6,29.8,72.6,7.6,22,21
หนองใหญ่,2023-08-21,ฝนฟ้าคะนอง,117.4,28.9,88.3,9.2,21,21
หนองใหญ่,2023-08-28,ฝนฟ้าคะนอง,129.8,28.7,79.4,8.7,21,23
หนองใหญ่,2023-09-04,ฝนฟ้าคะนอง,127.3,27.7,78.9,6.5,23,23
หนองใหญ่,2023-09-11,ฝนฟ้าคะนอง,131.8,28.7,91.0,13.2,23,23
หนองใหญ่,2023-09-18,ฝนฟ้าคะนอง,109.2,27.4,76.1,6.6,23,20
หนองใหญ่,2023-09-25,ฝนตก,84.5,28.1,71.2,9.9,20,17
หนองใหญ่,2023-10-02,ฝนฟ้าคะนอง,149.3,27.2,84.8,5.0,17,30
หนองใหญ่,2023-10-09,ฝนฟ้าคะนอง,112.1,27.8,73.6,8.5,30,21
หนองใหญ่,2023-10-16,ฝนฟ้าคะนอง,119.7,28.1,81.6,2.4,21,22
หนองใหญ่,2023-10-23,ฝนตก,102.6,28.4,84.8,4.3,22,25
หนองใหญ่,2023-10-30,ฝนฟ้าคะนอง,109.8,26.4,80.0,8.6,25,22
หนองใหญ่,2023-11-06,มีเมฆบางส่วน,19.3,27.1,68.5,7.7,22,14
หนองใหญ่,2023-11-13,มีเมฆบางส่วน,50.3,27.3,75.7,7.3,14,15
หนองใหญ่,2023-11-20,มีเมฆมาก,62.0,26.0,77.2,8.0,15,17
หนองใหญ่,2023-11-27,ฝนตก,81.1,25.9,67.1,8.6,17,18
หนองใหญ่,2023-12-04,มีเมฆบางส่วน,36.2,27.2,75.3,10.1,18,18
หนองใหญ่,2023-12-11,มีเมฆบางส่วน,26.8,26.1,74.8,10.8,18,18
หนองใหญ่,2023-12-18,แจ่มใส,13.1,28.0,73.7,11.6,18,13
หนองใหญ่,2023-12-25,มีเมฆบางส่วน,27.5,28.1,71.3,5.4,13,17
หนองใหญ่,2024-01-01,มีเมฆบางส่วน,25.1,28.3,71.9,7.4,17,21
หนองใหญ่,2024-01-08,แจ่มใส,0.0,27.8,68.1,10.0,21,10
หนองใหญ่,2024-01-15,แจ่มใส,0.0,26.8,68.2,5.4,10,10
หนองใหญ่,2024-01-22,มีเมฆบางส่วน,26.9,27.8,72.1,7.3,10,16
หนองใหญ่,2024-01-29,มีเมฆบางส่วน,22.8,27.8,69.7,10.4,16,16
หนองใหญ่,2024-02-05,แจ่มใส,0.0,29.7,62.6,11.2,16,17
หนองใหญ่,2024-02-12,แจ่มใส,11.4,29.3,68.2,9.6,17,15
หนองใหญ่,2024-02-19,แจ่มใส,10.2,29.8,66.3,6.6,15,12
หนองใหญ่,2024-02-26,แจ่มใส,0.0,27.9,71.6,12.2,12,17
หนองใหญ่,2024-03-04,แจ่มใส,0.0,30.7,75.1,6.9,17,18
หนองใหญ่,2024-03-11,แจ่มใส,0.0,30.3,62.7,8.5,18,11
หนองใหญ่,2024-03-18,มีเมฆบางส่วน,24.3,30.9,66.8,5.4,11,9
หนองใหญ่,2024-03-25,แจ่มใส,6.5,29.7,61.0,9.0,9,11
หนองใหญ่,2024-04-01,แจ่มใส,8.8,30.5,74.3,9.4,11,15
หนองใหญ่,2024-04-08,มีเมฆบางส่วน,46.1,30.0,73.2,8.3,15,17
หนองใหญ่,2024-04-15,มีเมฆบางส่วน,42.1,30.3,75.2,9.3,17,10
หนองใหญ่,2024-04-22,มีเมฆบางส่วน,58.7,28.7,71.4,10.4,10,15
หนองใหญ่,2024-04-29,แจ่มใส,0.2,30.1,73.2,3.6,15,20
หนองใหญ่,2024-05-06,มีเมฆบางส่วน,58.8,30.3,71.6,5.7,20,24
หนองใหญ่,2024-05-13,ฝนตก,76.1,29.9,74.4,6.0,24,27
หนองใหญ่,2024-05-20,มีเมฆบางส่วน,30.3,32.2,71.2,5.3,27,21
หนองใหญ่,2024-05-27,มีเมฆบางส่วน,42.4,30.2,73.1,5.2,21,14
หนองใหญ่,2024-06-03,ฝนตก,79.1,29.6,72.9,5.9,14,17
หนองใหญ่,2024-06-10,ฝนฟ้าคะนอง,131.5,30.9,83.7,3.9,17,24
หนองใหญ่,2024-06-17,ฝนตก,92.2,30.1,82.7,5.2,24,25
หนองใหญ่,2024-06-24,ฝนตก,74.6,31.0,73.0,7.4,25,23
หนองใหญ่,2024-07-01,ฝนตก,91.5,30.5,79.3,7.8,23,23
หนองใหญ่,2024-07-08,ฝนฟ้าคะนอง,125.2,30.0,80.2,8.2,23,32
หนองใหญ่,2024-07-15,ฝนตก,78.1,30.7,67.1,8.5,32,30
หนองใหญ่,2024-07-22,ฝนฟ้าคะนอง,118.4,30.3,78.2,8.1,30,27
หนองใหญ่,2024-07-29,ฝนตก,90.3,29.9,78.9,6.2,27,23
หนองใหญ่,2024-08-05,ฝนตก,85.1,29.5,80.1,8.5,23,27
หนองใหญ่,2024-08-12,ฝนฟ้าคะนอง,116.9,29.5,82.4,7.8,27,25
หนองใหญ่,2024-08-19,ฝนฟ้าคะนอง,163.7,28.9,82.7,9.0,25,29
หนองใหญ่,2024-08-26,ฝนตก,84.1,30.0,76.8,5.4,29,30
หนองใหญ่,2024-09-02,ฝนฟ้าคะนอง,121.4,27.4,90.2,9.5,30,27
หนองใหญ่,2024-09-09,ฝนฟ้าคะนอง,142.6,28.4,83.5,6.5,27,30
หนองใหญ่,2024-09-16,ฝนฟ้าคะนอง,118.1,28.3,77.0,8.3,30,26
หนองใหญ่,2024-09-23,ฝนตก,78.3,27.2,79.4,2.0,26,24
หนองใหญ่,2024-09-30,ฝนตก,97.1,29.2,76.2,9.5,24,22
หนองใหญ่,2024-10-07,ฝนตก,90.0,28.1,75.6,10.3,22,18
หนองใหญ่,2024-10-14,ฝนตก,94.0,28.2,81.6,12.4,18,19
หนองใหญ่,2024-10-21,มีเมฆมาก,57.2,26.9,77.6,9.1,19,19
หนองใหญ่,2024-10-28,มีเมฆบางส่วน,62.8,28.1,68.8,10.7,19,27
หนองใหญ่,2024-11-04,ฝนตก,68.1,27.7,73.0,3.8,27,20
หนองใหญ่,2024-11-11,มีเมฆมาก,36.0,26.3,80.6,8.6,20,19
หนองใหญ่,2024-11-18,มีเมฆมาก,53.2,27.2,78.7,7.9,19,20
หนองใหญ่,2024-11-25,มีเมฆบางส่วน,55.7,27.1,67.1,3.5,20,17
หนองใหญ่,2024-12-02,มีเมฆบางส่วน,33.7,26.7,71.5,8.1,17,9
หนองใหญ่,2024-12-09,แจ่มใส,12.4,27.8,71.3,5.3,9,14
หนองใหญ่,2024-12-16,มีเมฆบางส่วน,55.0,28.1,73.6,6.9,14,15
หนองใหญ่,2024-12-23,มีเมฆบางส่วน,42.8,27.7,75.9,8.3,15,19
หนองใหญ่,2024-12-30,มีเมฆมาก,34.6,28.1,76.2,6.1,19,12
หนองใหญ่,2025-01-06,มีเมฆบางส่วน,46.3,28.4,64.5,6.4,12,18
หนองใหญ่,2025-01-13,แจ่มใส,6.2,27.9,75.7,5.6,18,14
หนองใหญ่,2025-01-20,แจ่มใส,17.0,28.5,72.4,10.1,14,16
หนองใหญ่,2025-01-27,มีเมฆบางส่วน,23.1,28.1,70.9,8.2,16,16
หนองใหญ่,2025-02-03,มีเมฆบางส่วน,22.0,29.6,70.6,6.1,16,17
หนองใหญ่,2025-02-10,มีเมฆมาก,4.4,29.3,79.5,6.8,17,18
หนองใหญ่,2025-02-17,มีเมฆมาก,28.5,29.3,82.8,7.1,18,20
หนองใหญ่,2025-02-24,แจ่มใส,0.0,29.0,69.2,9.9,20,17
หนองใหญ่,2025-03-03,มีเมฆบางส่วน,40.1,30.1,70.7,14.2,17,19
หนองใหญ่,2025-03-10,แจ่มใส,0.0,29.7,63.3,10.2,19,14
หนองใหญ่,2025-03-17,แจ่มใส,15.2,30.1,73.3,6.1,14,13
หนองใหญ่,2025-03-24,แจ่มใส,17.3,30.6,71.6,6.1,13,19
หนองใหญ่,2025-03-31,แจ่มใส,0.0,29.8,63.3,11.0,19,17
หนองใหญ่,2025-04-07,มีเมฆมาก,45.8,31.7,87.1,4.1,17,20
หนองใหญ่,2025-04-14,มีเมฆบางส่วน,18.9,30.2,64.7,7.3,20,14
หนองใหญ่,2025-04-21,มีเมฆบางส่วน,39.9,30.9,74.8,9.2,14,20
หนองใหญ่,2025-04-28,มีเมฆบางส่วน,24.3,32.3,71.8,3.7,20,18
หนองใหญ่,2025-05-05,มีเมฆบางส่วน,21.7,31.1,69.8,6.9,18,25
หนองใหญ่,2025-05-12,ฝนตก,72.1,31.6,71.3,5.7,25,25
หนองใหญ่,2025-05-19,มีเมฆบางส่วน,63.8,29.8,74.1,8.0,25,22
หนองใหญ่,2025-05-26,มีเมฆบางส่วน,42.1,30.7,71.7,8.2,22,23
หนองใหญ่,2025-06-02,ฝนฟ้าคะนอง,111.3,30.6,78.0,9.0,23,27
หนองใหญ่,2025-06-09,ฝนตก,77.9,31.4,81.5,11.0,27,31
หนองใหญ่,2025-06-16,ฝนตก,68.4,30.9,75.6,7.8,31,24
หนองใหญ่,2025-06-23,มีเมฆบางส่วน,54.8,30.9,70.2,8.2,24,20
หนองใหญ่,2025-06-30,มีเมฆบางส่วน,63.3,31.0,75.7,9.3,20,29
หนองใหญ่,2025-07-07,ฝนฟ้าคะนอง,113.7,30.5,75.1,5.0,29,33
หนองใหญ่,2025-07-14,ฝนตก,87.3,29.4,77.4,7.8,33,24
หนองใหญ่,2025-07-21,ฝนตก,100.9,31.0,75.1,4.8,24,29
หนองใหญ่,2025-07-28,ฝนฟ้าคะนอง,118.5,29.7,73.1,6.3,29,27
หนองใหญ่,2025-08-04,ฝนฟ้าคะนอง,140.6,28.5,83.0,9.6,27,20
หนองใหญ่,2025-08-11,ฝนฟ้าคะนอง,137.7,28.4,84.8,8.6,20,29
หนองใหญ่,2025-08-18,ฝนฟ้าคะนอง,127.1,27.5,78.1,8.3,29,25
หนองใหญ่,2025-08-25,ฝนฟ้าคะนอง,125.5,29.8,84.8,7.5,25,21
หนองใหญ่,2025-09-01,ฝนตก,97.6,28.5,73.3,9.5,21,25
หนองใหญ่,2025-09-08,ฝนฟ้าคะนอง,110.4,26.1,73.8,12.3,25,20
หนองใหญ่,2025-09-15,มีเมฆบางส่วน,64.0,29.1,75.1,10.5,20,21
หนองใหญ่,2025-09-22,ฝนฟ้าคะนอง,117.7,28.5,84.4,13.2,21,27
หนองใหญ่,2025-09-29,ฝนตก,72.9,28.6,81.7,10.8,27,22
หนองใหญ่,2025-10-06,ฝนฟ้าคะนอง,113.1,28.2,93.3,6.3,22,24
หนองใหญ่,2025-10-13,ฝนตก,80.8,27.2,72.4,1.6,24,20
หนองใหญ่,2025-10-20,ฝนตก,95.6,27.2,88.2,8.0,20,26
หนองใหญ่,2025-10-27,ฝนตก,93.3,28.1,79.7,11.1,26,24
หนองใหญ่,2025-11-03,ฝนตก,70.9,27.6,74.4,8.9,24,28
หนองใหญ่,2025-11-10,มีเมฆมาก,54.1,27.6,80.2,10.6,28,22
หนองใหญ่,2025-11-17,แจ่มใส,7.6,27.7,57.7,11.4,22,15
หนองใหญ่,2025-11-24,ฝนตก,82.0,26.7,69.3,8.6,15,17
หนองใหญ่,2025-12-01,มีเมฆมาก,21.7,27.6,84.2,9.9,17,20
หนองใหญ่,2025-12-08,มีเมฆบางส่วน,51.1,28.6,72.7,3.3,20,19
หนองใหญ่,2025-12-15,มีเมฆบางส่วน,50.4,26.9,72.7,6.4,19,22
หนองใหญ่,2025-12-22,มีเมฆมาก,49.0,28.0,76.5,7.9,22,20
บางละมุง,2023-01-02,มีเมฆมาก,19.5,29.1,78.0,11.6,12,21
บางละมุง,2023-01-09,มีเมฆมาก,4.6,28.6,81.2,11.4,21,30
บางละมุง,2023-01-16,แจ่มใส,3.8,27.6,72.4,5.5,30,27
บางละมุง,2023-01-23,แจ่มใส,9.8,29.4,67.3,2.4,27,30
บางละมุง,2023-01-30,แจ่มใส,0.0,28.3,67.6,7.4,30,30
บางละมุง,2023-02-06,แจ่มใส,0.0,28.8,71.4,6.6,30,24
บางละมุง,2023-02-13,มีเมฆบางส่วน,19.7,30.0,69.9,3.5,24,31
บางละมุง,2023-02-20,แจ่มใส,0.0,29.4,63.6,5.3,31,27
บางละมุง,2023-02-27,แจ่มใส,1.0,28.7,71.0,7.0,27,31
บางละมุง,2023-03-06,มีเมฆบางส่วน,18.6,29.7,65.7,4.2,31,31
บางละมุง,2023-03-13,แจ่มใส,4.6,28.5,65.8,5.9,31,33
บางละมุง,2023-03-20,แจ่มใส,0.0,29.1,73.5,11.1,33,27
บางละมุง,2023-03-27,แจ่มใส,0.0,30.6,56.4,3.7,27,27
บางละมุง,2023-04-03,ฝนตก,66.6,30.5,75.8,10.6,27,39
บางละมุง,2023-04-10,มีเมฆมาก,19.8,30.8,79.3,4.5,39,39
บางละมุง,2023-04-17,แจ่มใส,10.1,30.9,67.9,5.8,39,30
บางละมุง,2023-04-24,มีเมฆบางส่วน,38.6,31.5,71.6,8.2,30,35
บางละมุง,2023-05-01,มีเมฆมาก,38.6,31.6,76.3,14.0,35,33
บางละมุง,2023-05-08,มีเมฆมาก,49.9,31.6,77.6,6.8,33,34
บางละมุง,2023-05-15,ฝนตก,71.9,30.5,73.9,8.2,34,39
บางละมุง,2023-05-22,มีเมฆบางส่วน,46.7,29.8,63.6,5.1,39,30
บางละมุง,2023-05-29,มีเมฆบางส่วน,56.6,30.3,70.7,6.2,30,32
บางละมุง,2023-06-05,ฝนฟ้าคะนอง,116.6,31.3,80.9,6.9,32,37
บางละมุง,2023-06-12,ฝนตก,94.7,31.3,73.9,8.1,37,32
บางละมุง,2023-06-19,ฝนตก,92.2,31.4,76.7,12.2,32,33
บางละมุง,2023-06-26,ฝนตก,92.3,30.8,77.6,7.7,33,37
บางละมุง,2023-07-03,ฝนฟ้าคะนอง,126.3,31.1,81.9,9.9,37,38
บางละมุง,2023-07-10,ฝนฟ้าคะนอง,124.5,29.6,87.1,13.1,38,39
บางละมุง,2023-07-17,มีเมฆมาก,59.4,29.8,80.7,9.3,39,37
บางละมุง,2023-07-24,ฝนฟ้าคะนอง,129.8,30.5,88.4,10.1,37,46
บางละมุง,2023-07-31,ฝนฟ้าคะนอง,115.5,30.8,79.2,6.6,46,48
บางละมุง,2023-08-07,ฝนฟ้าคะนอง,119.8,29.8,81.8,6.7,48,43
บางละมุง,2023-08-14,ฝนฟ้าคะนอง,146.6,29.6,75.6,7.5,43,48
บางละมุง,2023-08-21,ฝนฟ้าคะนอง,110.3,27.9,89.6,9.6,48,41
บางละมุง,2023-08-28,ฝนฟ้าคะนอง,106.8,30.0,77.0,10.6,41,41
บางละมุง,2023-09-04,ฝนฟ้าคะนอง,113.0,28.4,79.6,10.4,41,36
บางละมุง,2023-09-11,ฝนตก,71.9,28.7,79.1,9.1,36,36
บางละมุง,2023-09-18,ฝนตก,100.6,28.8,78.8,6.9,36,36
บางละมุง,2023-09-25,ฝนฟ้าคะนอง,152.1,27.0,87.2,4.1,36,39
บางละมุง,2023-10-02,ฝนตก,78.0,26.1,78.5,7.1,39,28
บางละมุง,2023-10-09,ฝนฟ้าคะนอง,106.0,28.6,87.1,8.8,28,35
บางละมุง,2023-10-16,ฝนฟ้าคะนอง,116.7,28.7,86.5,5.8,35,39
บางละมุง,2023-10-23,ฝนตก,97.2,26.3,81.0,13.2,39,38
บางละมุง,2023-10-30,ฝนฟ้าคะนอง,119.9,27.7,80.8,8.9,38,35
บางละมุง,2023-11-06,มีเมฆมาก,38.8,28.2,79.1,5.7,35,36
บางละมุง,2023-11-13,มีเมฆมาก,58.1,27.5,76.7,10.3,36,33
บางละมุง,2023-11-20,ฝนตก,91.0,27.5,81.1,6.1,33,42
บางละมุง,2023-11-27,ฝนตก,70.3,27.8,67.7,6.1,42,39
บางละมุง,2023-12-04,มีเมฆมาก,38.8,26.2,77.5,6.7,39,37
บางละมุง,2023-12-11,มีเมฆมาก,30.6,27.7,77.3,5.9,37,29
บางละมุง,2023-12-18,มีเมฆบางส่วน,28.2,28.1,64.4,4.2,29,32
บางละมุง,2023-12-25,มีเมฆบางส่วน,19.2,27.3,60.8,6.4,32,28
บางละมุง,2024-01-01,มีเมฆมาก,32.8,27.7,79.9,6.4,28,28
บางละมุง,2024-01-08,มีเมฆบางส่วน,46.2,28.4,70.3,7.6,28,34
บางละมุง,2024-01-15,มีเมฆบางส่วน,44.6,27.7,72.7,8.2,34,28
บางละมุง,2024-01-22,แจ่มใส,11.1,28.3,74.9,10.8,28,27
บางละมุง,2024-01-29,แจ่มใส,7.7,28.7,65.9,9.4,27,27
บางละมุง,2024-02-05,แจ่มใส,0.0,28.5,75.2,7.6,27,33
บางละมุง,2024-02-12,มีเมฆมาก,0.0,29.4,80.0,5.6,33,25
บางละมุง,2024-02-19,มีเมฆบางส่วน,33.3,28.6,71.6,6.7,25,30
บางละมุง,2024-02-26,แจ่มใส,0.0,29.1,70.2,5.7,30,27
บางละมุง,2024-03-04,แจ่มใส,4.7,29.1,66.4,8.3,27,26
บางละมุง,2024-03-11,แจ่มใส,6.4,30.1,65.4,9.6,26,32
บางละมุง,2024-03-18,แจ่มใส,2.2,30.5,67.0,8.8,32,35
บางละมุง,2024-03-25,มีเมฆบางส่วน,23.6,28.9,72.9,10.8,35,31
บางละมุง,2024-04-01,มีเมฆบางส่วน,54.4,30.4,66.6,8.3,31,27
บางละมุง,2024-04-08,มีเมฆบางส่วน,27.2,31.7,61.4,5.1,27,27
บางละมุง,2024-04-15,มีเมฆมาก,31.1,30.6,78.4,10.2,27,33
บางละมุง,2024-04-22,มีเมฆบางส่วน,35.7,31.1,67.6,10.0,33,29
บางละมุง,2024-04-29,มีเมฆบางส่วน,50.9,31.7,74.7,7.6,29,35
บางละมุง,2024-05-06,แจ่มใส,0.0,31.3,67.4,7.9,35,34
บางละมุง,2024-05-13,มีเมฆบางส่วน,58.4,30.3,73.7,8.2,34,35
บางละมุง,2024-05-20,มีเมฆบางส่วน,63.6,31.8,69.6,8.4,35,40
บางละมุง,2024-05-27,มีเมฆบางส่วน,21.8,31.2,67.5,7.1,40,32
บางละมุง,2024-06-03,ฝนตก,83.8,32.1,70.9,5.3,32,33
บางละมุง,2024-06-10,ฝนฟ้าคะนอง,125.5,30.5,81.7,7.1,33,36
บางละมุง,2024-06-17,ฝนตก,82.3,32.6,84.0,6.0,36,42
บางละมุง,2024-06-24,ฝนตก,69.2,29.6,80.7,10.7,42,41
บางละมุง,2024-07-01,ฝนตก,97.3,30.0,82.5,8.9,41,38
บางละมุง,2024-07-08,ฝนตก,72.0,30.2,81.3,5.2,38,40
บางละมุง,2024-07-15,ฝนฟ้าคะนอง,114.9,30.7,85.0,6.4,40,36
บางละมุง,2024-07-22,ฝนตก,95.9,30.8,75.8,6.4,36,32
บางละมุง,2024-07-29,ฝนฟ้าคะนอง,146.2,30.7,87.9,10.2,32,42
บางละมุง,2024-08-05,ฝนฟ้าคะนอง,109.6,29.1,77.9,14.1,42,40
บางละมุง,2024-08-12,ฝนตก,104.8,29.5,74.5,11.5,40,36
บางละมุง,2024-08-19,ฝนฟ้าคะนอง,126.0,29.9,83.8,8.2,36,40
บางละมุง,2024-08-26,ฝนฟ้าคะนอง,113.8,28.8,78.3,11.4,40,38
บางละมุง,2024-09-02,ฝนตก,90.3,27.9,83.4,9.6,38,38
บางละมุง,2024-09-09,ฝนตก,102.0,28.7,76.0,7.4,38,40
บางละมุง,2024-09-16,ฝนฟ้าคะนอง,126.9,27.6,77.7,8.3,40,44
บางละมุง,2024-09-23,ฝนตก,65.5,28.4,68.3,6.5,44,35
บางละมุง,2024-09-30,ฝนตก,98.4,27.9,78.9,6.8,35,31
บางละมุง,2024-10-07,ฝนตก,104.7,28.1,83.7,4.5,31,37
บางละมุง,2024-10-14,ฝนตก,102.4,26.8,79.3,7.7,37,42
บางละมุง,2024-10-21,ฝนฟ้าคะนอง,129.8,26.4,94.8,5.9,42,44
บางละมุง,2024-10-28,ฝนฟ้าคะนอง,108.9,26.9,82.4,7.8,44,41
บางละมุง,2024-11-04,ฝนตก,65.1,28.1,75.5,7.6,41,39
บางละมุง,2024-11-11,ฝนตก,72.8,27.8,72.7,5.6,39,33
บางละมุง,2024-11-18,มีเมฆมาก,46.3,27.9,78.0,7.6,33,37
บางละมุง,2024-11-25,ฝนตก,90.1,27.5,73.8,11.6,37,34
บางละมุง,2024-12-02,มีเมฆบางส่วน,35.3,27.3,67.4,4.6,34,33
บางละมุง,2024-12-09,แจ่มใส,15.3,29.7,64.2,5.1,33,32
บางละมุง,2024-12-16,ฝนตก,66.1,27.6,78.1,3.8,32,31
บางละมุง,2024-12-23,แจ่มใส,8.9,26.2,69.6,2.8,31,24
บางละมุง,2024-12-30,มีเมฆบางส่วน,20.7,27.0,72.3,8.7,24,29
บางละมุง,2025-01-06,มีเมฆบางส่วน,28.9,29.0,71.2,8.7,29,31
บางละมุง,2025-01-13,แจ่มใส,15.5,28.0,68.0,6.1,31,30
บางละมุง,2025-01-20,แจ่มใส,10.3,27.8,65.8,5.2,30,31
บางละมุง,2025-01-27,แจ่มใส,14.1,27.6,73.6,6.7,31,25
บางละมุง,2025-02-03,มีเมฆบางส่วน,27.5,28.8,69.0,8.1,25,32
บางละมุง,2025-02-10,แจ่มใส,5.4,28.4,71.3,6.9,32,35
บางละมุง,2025-02-17,แจ่มใส,5.0,27.6,70.3,12.5,35,34
บางละมุง,2025-02-24,มีเมฆมาก,45.3,28.5,77.5,6.3,34,34
บางละมุง,2025-03-03,แจ่มใส,0.0,29.7,64.6,10.1,34,32
บางละมุง,2025-03-10,มีเมฆบางส่วน,18.5,29.2,68.5,6.3,32,33
บางละมุง,2025-03-17,มีเมฆบางส่วน,38.3,30.9,68.4,1.7,33,28
บางละมุง,2025-03-24,มีเมฆบางส่วน,43.6,29.9,69.0,11.8,28,34
บางละมุง,2025-03-31,แจ่มใส,12.9,29.9,68.8,8.5,34,36
บางละมุง,2025-04-07,มีเมฆมาก,41.8,31.4,78.4,5.3,36,38
บางละมุง,2025-04-14,มีเมฆบางส่วน,26.0,29.1,60.2,5.7,38,33
บางละมุง,2025-04-21,มีเมฆมาก,35.0,31.0,81.6,5.1,33,35
บางละมุง,2025-04-28,มีเมฆบางส่วน,39.2,30.3,72.5,4.3,35,39
บางละมุง,2025-05-05,มีเมฆบางส่วน,45.0,32.5,72.8,10.4,39,36
บางละมุง,2025-05-12,มีเมฆบางส่วน,59.3,30.7,75.1,8.7,36,33
บางละมุง,2025-05-19,มีเมฆมาก,57.2,30.7,85.8,7.8,33,41
บางละมุง,2025-05-26,มีเมฆบางส่วน,55.7,31.3,67.5,7.0,41,37
บางละมุง,2025-06-02,ฝนฟ้าคะนอง,122.4,31.0,88.4,9.5,37,46
บางละมุง,2025-06-09,ฝนตก,86.2,32.5,75.1,6.2,46,38
บางละมุง,2025-06-16,ฝนฟ้าคะนอง,138.8,31.4,81.6,10.9,38,44
บางละมุง,2025-06-23,ฝนฟ้าคะนอง,130.8,29.8,81.1,6.9,44,36
บางละมุง,2025-06-30,ฝนฟ้าคะนอง,110.8,30.7,83.9,13.4,36,38
บางละมุง,2025-07-07,ฝนตก,98.4,30.2,83.8,6.7,38,37
บางละมุง,2025-07-14,ฝนฟ้าคะนอง,130.9,30.4,72.2,5.2,37,45
บางละมุง,2025-07-21,ฝนฟ้าคะนอง,116.5,29.6,80.0,8.0,45,44
บางละมุง,2025-07-28,ฝนตก,77.7,29.6,77.9,7.8,44,40
บางละมุง,2025-08-04,ฝนตก,88.0,29.4,83.1,9.1,40,39
บางละมุง,2025-08-11,ฝนฟ้าคะนอง,112.9,28.6,80.1,10.9,39,38
บางละมุง,2025-08-18,ฝนตก,95.4,28.9,79.5,7.1,38,39
บางละมุง,2025-08-25,ฝนฟ้าคะนอง,126.5,29.8,89.0,10.3,39,38
บางละมุง,2025-09-01,ฝนตก,87.8,28.2,75.4,5.4,38,35
บางละมุง,2025-09-08,ฝนตก,97.2,27.8,77.1,10.7,35,36
บางละมุง,2025-09-15,ฝนฟ้าคะนอง,162.0,28.4,84.4,8.0,36,41
บางละมุง,2025-09-22,ฝนฟ้าคะนอง,117.2,29.7,76.7,10.0,41,40
บางละมุง,2025-09-29,ฝนตก,73.1,28.8,82.4,6.0,40,37
บางละมุง,2025-10-06,มีเมฆมาก,49.5,26.7,78.7,6.9,37,29
บางละมุง,2025-10-13,ฝนตก,92.5,27.2,75.8,9.7,29,29
บางละมุง,2025-10-20,ฝนตก,67.6,27.7,80.3,10.8,29,30
บางละมุง,2025-10-27,ฝนฟ้าคะนอง,108.1,27.0,89.0,5.4,30,40
บางละมุง,2025-11-03,มีเมฆบางส่วน,45.6,28.7,76.0,5.7,40,33
บางละมุง,2025-11-10,ฝนตก,77.2,28.0,76.1,8.1,33,36
บางละมุง,2025-11-17,มีเมฆบางส่วน,62.9,26.4,70.9,8.5,36,36
บางละมุง,2025-11-24,ฝนตก,95.6,27.8,79.9,9.7,36,34
บางละมุง,2025-12-01,มีเมฆบางส่วน,29.1,27.0,65.0,8.8,34,30
บางละมุง,2025-12-08,มีเมฆบางส่วน,47.6,27.9,74.5,9.3,30,30
บางละมุง,2025-12-15,มีเมฆบางส่วน,41.6,27.0,74.4,9.5,30,27
บางละมุง,2025-12-22,มีเมฆบางส่วน,33.6,27.1,69.1,5.4,27,32
พานทอง,2023-01-02,ฝนตก,79.1,28.1,78.0,7.1,7,21
พานทอง,2023-01-09,มีเมฆมาก,30.8,28.2,80.3,8.6,21,23
พานทอง,2023-01-16,แจ่มใส,0.0,28.5,67.3,6.6,23,17
พานทอง,2023-01-23,ฝนตก,71.1,28.1,68.5,6.4,17,21
พานทอง,2023-01-30,มีเมฆบางส่วน,24.4,28.6,74.1,6.5,21,22
พานทอง,2023-02-06,แจ่มใส,0.0,28.8,63.4,5.3,22,23
พานทอง,2023-02-13,มีเมฆบางส่วน,20.1,29.9,70.4,9.8,23,16
พานทอง,2023-02-20,มีเมฆบางส่วน,24.0,29.3,73.8,8.9,16,17
พานทอง,2023-02-27,แจ่มใส,0.0,28.7,70.8,9.6,17,14
พานทอง,2023-03-06,แจ่มใส,0.0,29.6,66.2,4.9,14,13
พานทอง,2023-03-13,แจ่มใส,0.0,30.2,62.1,7.7,13,20
พานทอง,2023-03-20,แจ่มใส,0.0,30.0,73.1,7.0,20,19
พานทอง,2023-03-27,มีเมฆมาก,38.0,29.9,77.7,9.0,19,21
พานทอง,2023-04-03,มีเมฆมาก,43.1,31.1,77.8,6.7,21,25
พานทอง,2023-04-10,มีเมฆบางส่วน,31.1,31.3,66.3,10.3,25,25
พานทอง,2023-04-17,มีเมฆมาก,3.5,31.7,79.6,10.3,25,29
พานทอง,2023-04-24,มีเมฆบางส่วน,34.4,29.7,62.6,8.6,29,22
พานทอง,2023-05-01,มีเมฆบางส่วน,39.9,31.1,75.5,4.7,22,23
พานทอง,2023-05-08,ฝนตก,93.2,30.3,82.6,6.9,23,30
พานทอง,2023-05-15,ฝนตก,84.1,31.6,81.8,5.4,30,35
พานทอง,2023-05-22,มีเมฆบางส่วน,41.2,31.3,73.8,9.1,35,30
พานทอง,2023-05-29,มีเมฆมาก,41.4,30.2,76.9,8.4,30,30
พานทอง,2023-06-05,ฝนตก,86.5,29.9,82.3,7.1,30,31
พานทอง,2023-06-12,ฝนตก,73.3,32.0,71.7,7.2,31,30
พานทอง,2023-06-19,มีเมฆมาก,63.5,31.1,83.0,6.9,30,31
พานทอง,2023-06-26,มีเมฆบางส่วน,27.0,30.8,69.4,6.1,31,29
พานทอง,2023-07-03,ฝนตก,100.5,30.0,77.2,3.6,29,26
พานทอง,2023-07-10,ฝนฟ้าคะนอง,128.8,28.7,78.3,7.1,26,35
พานทอง,2023-07-17,ฝนฟ้าคะนอง,124.5,29.8,88.2,6.3,35,37
พานทอง,2023-07-24,ฝนตก,77.7,30.9,74.5,5.6,37,31
พานทอง,2023-07-31,ฝนฟ้าคะนอง,113.7,29.8,83.3,6.7,31,33
พานทอง,2023-08-07,ฝนฟ้าคะนอง,124.7,29.2,79.5,8.3,33,33
พานทอง,2023-08-14,ฝนฟ้าคะนอง,160.4,29.9,90.5,15.1,33,36
พานทอง,2023-08-21,ฝนฟ้าคะนอง,125.7,29.7,76.8,7.0,36,31
พานทอง,2023-08-28,ฝนฟ้าคะนอง,129.2,29.1,82.9,10.5,31,34
พานทอง,2023-09-04,ฝนตก,104.1,27.8,85.1,9.8,34,25
พานทอง,2023-09-11,ฝนตก,100.7,28.4,83.0,10.1,25,28
พานทอง,2023-09-18,ฝนฟ้าคะนอง,120.5,28.3,77.9,7.4,28,29
พานทอง,2023-09-25,ฝนฟ้าคะนอง,106.9,26.9,77.8,8.1,29,26
พานทอง,2023-10-02,ฝนตก,82.1,27.9,71.6,4.3,26,24
พานทอง,2023-10-09,ฝนตก,104.3,28.7,83.4,4.6,24,27
พานทอง,2023-10-16,ฝนตก,93.1,27.7,80.9,5.9,27,27
พานทอง,2023-10-23,ฝนตก,96.7,28.1,74.6,7.2,27,18
พานทอง,2023-10-30,ฝนตก,73.8,27.2,71.0,8.4,18,21
พานทอง,2023-11-06,แจ่มใส,10.3,27.5,64.5,9.1,21,14
พานทอง,2023-11-13,มีเมฆมาก,60.7,27.1,76.2,8.3,14,19
พานทอง,2023-11-20,มีเมฆบางส่วน,26.2,26.3,68.0,8.0,19,17
พานทอง,2023-11-27,ฝนตก,73.8,27.1,71.3,7.4,17,22
พานทอง,2023-12-04,มีเมฆบางส่วน,39.6,28.9,69.0,7.8,22,23
พานทอง,2023-12-11,มีเมฆบางส่วน,32.0,27.2,63.8,6.8,23,17
พานทอง,2023-12-18,แจ่มใส,0.0,27.0,62.8,9.3,17,18
พานทอง,2023-12-25,แจ่มใส,12.6,27.4,60.1,6.9,18,18
พานทอง,2024-01-01,มีเมฆมาก,30.5,27.8,76.6,4.5,18,17
พานทอง,2024-01-08,มีเมฆบางส่วน,28.0,29.4,73.5,7.9,17,14
พานทอง,2024-01-15,แจ่มใส,0.0,28.3,66.2,5.5,14,17
พานทอง,2024-01-22,แจ่มใส,14.9,28.9,70.3,10.8,17,19
พานทอง,2024-01-29,แจ่มใส,9.8,29.0,64.2,14.5,19,19
พานทอง,2024-02-05,มีเมฆมาก,13.4,29.6,78.9,9.8,19,16
พานทอง,2024-02-12,มีเมฆบางส่วน,35.9,29.0,72.5,5.1,16,22
พานทอง,2024-02-19,แจ่มใส,0.0,29.3,66.6,12.4,22,25
พานทอง,2024-02-26,แจ่มใส,6.0,29.2,66.8,10.5,25,20
พานทอง,2024-03-04,แจ่มใส,3.1,30.8,65.6,7.9,20,15
พานทอง,2024-03-11,มีเมฆบางส่วน,27.9,31.5,74.7,11.4,15,19
พานทอง,2024-03-18,แจ่มใส,17.6,29.5,68.8,9.8,19,20
พานทอง,2024-03-25,แจ่มใส,0.0,29.2,61.1,9.1,20,25
พานทอง,2024-04-01,มีเมฆมาก,62.5,29.5,82.0,10.2,25,21
พานทอง,2024-04-08,มีเมฆบางส่วน,25.8,31.6,73.6,5.0,21,26
พานทอง,2024-04-15,แจ่มใส,0.0,30.7,73.7,8.0,26,21
พานทอง,2024-04-22,มีเมฆมาก,52.1,31.5,80.3,10.0,21,29
พานทอง,2024-04-29,มีเมฆบางส่วน,48.6,31.0,73.8,7.5,29,23
พานทอง,2024-05-06,มีเมฆบางส่วน,39.0,30.9,73.5,11.3,23,24
พานทอง,2024-05-13,ฝนตก,82.1,31.9,75.9,9.4,24,27
พานทอง,2024-05-20,ฝนตก,89.1,31.5,71.8,8.4,27,34
พานทอง,2024-05-27,มีเมฆมาก,56.0,31.4,76.9,5.6,34,32
พานทอง,2024-06-03,มีเมฆมาก,56.8,30.4,79.6,8.8,32,27
พานทอง,2024-06-10,ฝนตก,97.3,30.8,78.8,9.5,27,27
พานทอง,2024-06-17,ฝนตก,88.4,30.6,69.8,5.9,27,33
พานทอง,2024-06-24,ฝนตก,96.0,29.9,70.9,7.7,33,35
พานทอง,2024-07-01,ฝนตก,103.5,31.1,81.1,9.1,35,28
พานทอง,2024-07-08,ฝนฟ้าคะนอง,128.3,29.9,86.4,6.1,28,32
พานทอง,2024-07-15,ฝนฟ้าคะนอง,115.4,30.0,82.7,7.4,32,30
พานทอง,2024-07-22,ฝนฟ้าคะนอง,143.0,30.9,79.9,9.3,30,30
พานทอง,2024-07-29,ฝนตก,81.6,30.9,68.5,10.1,30,27
พานทอง,2024-08-05,ฝนฟ้าคะนอง,110.3,29.5,83.0,6.1,27,32
พานทอง,2024-08-12,ฝนฟ้าคะนอง,117.5,28.3,80.1,11.2,32,35
พานทอง,2024-08-19,ฝนฟ้าคะนอง,130.8,28.4,84.8,10.0,35,35
พานทอง,2024-08-26,ฝนฟ้าคะนอง,132.3,29.5,82.2,6.6,35,27
พานทอง,2024-09-02,ฝนฟ้าคะนอง,115.1,28.4,83.4,4.9,27,31
พานทอง,2024-09-09,ฝนฟ้าคะนอง,152.8,28.3,84.5,8.7,31,39
พานทอง,2024-09-16,ฝนตก,85.1,28.4,73.4,6.7,39,30
พานทอง,2024-09-23,ฝนฟ้าคะนอง,137.3,29.5,85.3,7.1,30,40
พานทอง,2024-09-30,ฝนตก,98.2,27.9,69.9,11.2,40,33
พานทอง,2024-10-07,ฝนฟ้าคะนอง,140.7,26.6,90.8,8.2,33,35
พานทอง,2024-10-14,มีเมฆมาก,51.2,28.6,77.6,7.9,35,30
พานทอง,2024-10-21,ฝนตก,70.7,27.1,73.5,3.7,30,29
พานทอง,2024-10-28,ฝนฟ้าคะนอง,113.7,27.1,82.2,7.4,29,29
พานทอง,2024-11-04,มีเมฆมาก,46.2,26.7,78.3,7.9,29,31
พานทอง,2024-11-11,มีเมฆมาก,61.0,26.7,80.8,9.5,31,28
พานทอง,2024-11-18,ฝนตก,86.2,26.8,76.8,7.6,28,22
พานทอง,2024-11-25,มีเมฆบางส่วน,54.2,28.2,75.1,4.9,22,18
พานทอง,2024-12-02,ฝนตก,69.1,27.5,72.4,7.4,18,17
พานทอง,2024-12-09,มีเมฆมาก,63.8,27.3,81.9,8.1,17,26
พานทอง,2024-12-16,มีเมฆบางส่วน,38.1,28.2,75.8,9.4,26,24
พานทอง,2024-12-23,มีเมฆบางส่วน,27.4,28.9,66.5,8.0,24,22
พานทอง,2024-12-30,มีเมฆบางส่วน,41.4,27.3,74.1,7.6,22,16
พานทอง,2025-01-06,แจ่มใส,12.6,27.5,60.7,8.3,16,18
พานทอง,2025-01-13,มีเมฆบางส่วน,24.0,28.6,61.0,4.9,18,25
พานทอง,2025-01-20,แจ่มใส,0.0,28.7,64.6,8.2,25,18
พานทอง,2025-01-27,มีเมฆบางส่วน,24.7,28.3,68.5,5.6,18,20
พานทอง,2025-02-03,มีเมฆมาก,0.0,29.5,81.1,11.1,20,23
พานทอง,2025-02-10,แจ่มใส,3.1,27.8,61.7,11.0,23,16
พานทอง,2025-02-17,แจ่มใส,0.0,29.1,62.7,5.2,16,17
พานทอง,2025-02-24,แจ่มใส,0.0,28.7,64.1,9.2,17,16
พานทอง,2025-03-03,แจ่มใส,8.4,30.6,68.2,7.4,16,21
พานทอง,2025-03-10,มีเมฆบางส่วน,27.1,30.0,71.4,6.2,21,20
พานทอง,2025-03-17,มีเมฆบางส่วน,29.3,30.5,73.5,8.6,20,23
พานทอง,2025-03-24,มีเมฆบางส่วน,27.7,30.8,75.6,7.8,23,28
พานทอง,2025-03-31,แจ่มใส,17.4,30.6,71.3,8.6,28,22
พานทอง,2025-04-07,มีเมฆบางส่วน,47.9,32.8,71.4,8.2,22,24
พานทอง,2025-04-14,มีเมฆบางส่วน,21.8,31.9,67.0,6.9,24,19
พานทอง,2025-04-21,แจ่มใส,15.8,29.6,72.9,14.4,19,19
พานทอง,2025-04-28,แจ่มใส,0.0,31.5,64.4,11.0,19,19
พานทอง,2025-05-05,มีเมฆมาก,46.1,31.0,76.9,7.5,19,22
พานทอง,2025-05-12,มีเมฆมาก,55.6,30.2,76.1,3.9,22,24
พานทอง,2025-05-19,ฝนตก,76.7,31.3,79.4,7.9,24,32
พานทอง,2025-05-26,ฝนตก,80.3,31.4,81.5,9.7,32,29
พานทอง,2025-06-02,มีเมฆมาก,57.9,31.1,77.1,10.5,29,25
พานทอง,2025-06-09,ฝนตก,67.6,31.2,75.1,3.7,25,29
พานทอง,2025-06-16,มีเมฆมาก,46.7,30.2,79.9,12.2,29,22
พานทอง,2025-06-23,ฝนตก,80.3,30.9,85.7,6.9,22,26
พานทอง,2025-06-30,ฝนฟ้าคะนอง,121.6,30.6,85.0,4.6,26,31
พานทอง,2025-07-07,ฝนตก,71.1,29.4,80.0,7.9,31,27
พานทอง,2025-07-14,ฝนตก,91.2,30.0,79.5,10.3,27,20
พานทอง,2025-07-21,ฝนตก,89.3,30.3,77.3,8.9,20,27
พานทอง,2025-07-28,ฝนตก,100.9,29.8,77.9,10.6,27,26
พานทอง,2025-08-04,ฝนฟ้าคะนอง,113.6,29.3,88.3,7.3,26,33
พานทอง,2025-08-11,ฝนฟ้าคะนอง,142.1,29.2,82.6,7.2,33,32
พานทอง,2025-08-18,ฝนฟ้าคะนอง,133.8,29.4,83.9,5.4,32,30
พานทอง,2025-08-25,ฝนฟ้าคะนอง,162.2,29.1,82.0,11.3,30,33
พานทอง,2025-09-01,ฝนฟ้าคะนอง,120.4,28.2,79.6,7.6,33,26
พานทอง,2025-09-08,ฝนฟ้าคะนอง,105.7,28.5,88.9,8.2,26,21
พานทอง,2025-09-15,ฝนฟ้าคะนอง,105.6,30.2,83.9,6.1,21,30
พานทอง,2025-09-22,ฝนตก,91.3,27.3,76.3,8.2,30,21
พานทอง,2025-09-29,ฝนตก,82.3,28.3,75.0,8.9,21,20
พานทอง,2025-10-06,ฝนตก,103.2,26.7,87.6,4.1,20,23
พานทอง,2025-10-13,ฝนตก,96.7,28.7,80.2,9.3,23,26
พานทอง,2025-10-20,มีเมฆบางส่วน,64.9,27.2,69.1,5.1,26,25
พานทอง,2025-10-27,มีเมฆบางส่วน,62.8,27.8,68.4,8.7,25,22
พานทอง,2025-11-03,ฝนตก,90.9,27.5,84.2,6.3,22,26
พานทอง,2025-11-10,มีเมฆบางส่วน,38.4,27.0,70.9,6.3,26,18
พานทอง,2025-11-17,มีเมฆบางส่วน,28.9,25.7,65.9,9.4,18,13
พานทอง,2025-11-24,มีเมฆบางส่วน,29.9,28.6,68.1,8.7,13,20
พานทอง,2025-12-01,มีเมฆบางส่วน,47.1,26.5,72.0,4.3,20,29
พานทอง,2025-12-08,แจ่มใส,0.0,26.8,62.8,4.6,29,25
พานทอง,2025-12-15,ฝนตก,85.8,27.2,70.8,2.9,25,24
พานทอง,2025-12-22,มีเมฆบางส่วน,25.5,27.1,71.9,8.9,24,22
พนัสนิคม,2023-01-02,แจ่มใส,0.0,28.7,68.1,10.0,5,17
พนัสนิคม,2023-01-09,แจ่มใส,0.0,27.2,64.2,5.6,17,20
พนัสนิคม,2023-01-16,มีเมฆบางส่วน,20.1,29.0,72.2,8.5,20,25
พนัสนิคม,2023-01-23,มีเมฆมาก,22.7,28.3,77.9,8.3,25,23
พนัสนิคม,2023-01-30,แจ่มใส,0.0,28.7,74.2,7.9,23,26
พนัสนิคม,2023-02-06,แจ่มใส,0.0,29.2,67.8,6.3,26,30
พนัสนิคม,2023-02-13,แจ่มใส,3.5,28.9,68.5,3.4,30,22
พนัสนิคม,2023-02-20,มีเมฆบางส่วน,26.6,28.8,66.8,11.0,22,26
พนัสนิคม,2023-02-27,แจ่มใส,16.4,28.9,68.6,6.2,26,20
พนัสนิคม,2023-03-06,แจ่มใส,0.0,29.7,62.8,4.4,20,21
พนัสนิคม,2023-03-13,แจ่มใส,17.5,31.3,66.6,8.7,21,24
พนัสนิคม,2023-03-20,แจ่มใส,6.8,30.7,72.6,8.8,24,23
พนัสนิคม,2023-03-27,แจ่มใส,4.5,29.2,64.5,6.6,23,18
พนัสนิคม,2023-04-03,มีเมฆบางส่วน,42.2,31.7,68.1,8.7,18,20
พนัสนิคม,2023-04-10,มีเมฆบางส่วน,25.8,30.4,73.8,6.4,20,27
พนัสนิคม,2023-04-17,มีเมฆบางส่วน,27.1,30.4,64.7,8.6,27,27
พนัสนิคม,2023-04-24,มีเมฆมาก,38.5,32.4,79.4,7.3,27,28
พนัสนิคม,2023-05-01,ฝนตก,70.3,30.5,81.6,8.8,28,30
พนัสนิคม,2023-05-08,ฝนตก,75.1,32.3,77.1,7.7,30,36
พนัสนิคม,2023-05-15,ฝนตก,81.3,30.9,77.0,8.4,36,33
พนัสนิคม,2023-05-22,มีเมฆบางส่วน,30.2,30.0,66.9,5.8,33,25
พนัสนิคม,2023-05-29,ฝนตก,74.0,31.0,77.1,5.2,25,27
พนัสนิคม,2023-06-05,ฝนตก,100.4,31.3,75.4,8.4,27,37
พนัสนิคม,2023-06-12,ฝนตก,87.1,30.4,76.7,8.2,37,32
พนัสนิคม,2023-06-19,ฝนตก,86.8,29.8,72.7,7.7,32,29
พนัสนิคม,2023-06-26,ฝนตก,75.0,30.7,76.6,10.0,29,29
พนัสนิคม,2023-07-03,ฝนฟ้าคะนอง,116.4,29.8,83.7,8.9,29,34
พนัสนิคม,2023-07-10,ฝนฟ้าคะนอง,123.3,30.6,81.1,8.6,34,37
พนัสนิคม,2023-07-17,ฝนตก,93.3,29.7,79.2,9.0,37,30
พนัสนิคม,2023-07-24,ฝนฟ้าคะนอง,106.0,30.1,68.6,7.5,30,30
พนัสนิคม,2023-07-31,ฝนตก,104.1,31.1,73.4,6.1,30,23
พนัสนิคม,2023-08-07,ฝนตก,104.4,28.9,76.9,10.5,23,30
พนัสนิคม,2023-08-14,ฝนฟ้าคะนอง,116.7,28.9,86.0,8.0,30,29
พนัสนิคม,2023-08-21,ฝนตก,77.2,28.9,80.3,13.2,29,28
พนัสนิคม,2023-08-28,ฝนตก,98.2,28.4,81.6,3.9,28,31
พนัสนิคม,2023-09-04,ฝนฟ้าคะนอง,125.6,28.6,80.7,9.3,31,32
พนัสนิคม,2023-09-11,ฝนตก,90.5,29.5,76.2,9.8,32,22
พนัสนิคม,2023-09-18,ฝนฟ้าคะนอง,135.7,29.3,83.1,9.3,22,32
พนัสนิคม,2023-09-25,ฝนตก,93.5,28.6,74.2,6.6,32,33
พนัสนิคม,2023-10-02,ฝนฟ้าคะนอง,108.9,27.1,76.3,6.5,33,32
พนัสนิคม,2023-10-09,ฝนตก,65.5,27.8,78.9,7.8,32,31
พนัสนิคม,2023-10-16,ฝนตก,80.8,27.4,72.0,10.3,31,24
พนัสนิคม,2023-10-23,ฝนตก,95.2,27.5,73.2,6.6,24,31
พนัสนิคม,2023-10-30,ฝนตก,91.9,26.8,79.6,7.7,31,40
พนัสนิคม,2023-11-06,ฝนตก,66.3,27.0,82.4,3.8,40,31
พนัสนิคม,2023-11-13,ฝนตก,103.9,27.2,70.8,7.1,31,33
พนัสนิคม,2023-11-20,ฝนตก,68.3,26.7,72.1,6.7,33,28
พนัสนิคม,2023-11-27,ฝนตก,89.4,28.0,80.1,4.9,28,24
พนัสนิคม,2023-12-04,มีเมฆบางส่วน,44.2,26.6,71.7,8.7,24,19
พนัสนิคม,2023-12-11,แจ่มใส,10.0,27.5,71.6,10.4,19,21
พนัสนิคม,2023-12-18,มีเมฆบางส่วน,34.1,27.0,66.4,6.8,21,22
พนัสนิคม,2023-12-25,มีเมฆบางส่วน,39.9,26.1,68.5,10.8,22,21
พนัสนิคม,2024-01-01,แจ่มใส,0.0,29.9,67.9,8.9,21,22
พนัสนิคม,2024-01-08,มีเมฆมาก,4.3,27.7,79.1,10.3,22,24
พนัสนิคม,2024-01-15,มีเมฆมาก,25.0,27.5,77.1,6.1,24,24
พนัสนิคม,2024-01-22,แจ่มใส,0.0,26.8,69.6,6.1,24,14
พนัสนิคม,2024-01-29,มีเมฆมาก,24.3,29.7,77.6,7.4,14,21
พนัสนิคม,2024-02-05,มีเมฆบางส่วน,24.5,30.0,69.0,8.1,21,24
พนัสนิคม,2024-02-12,แจ่มใส,17.2,29.1,69.3,11.2,24,26
พนัสนิคม,2024-02-19,แจ่มใส,15.5,30.4,67.8,11.7,26,25
พนัสนิคม,2024-02-26,ฝนตก,77.0,28.4,73.0,9.0,25,27
พนัสนิคม,2024-03-04,มีเมฆมาก,55.3,29.7,78.6,10.7,27,29
พนัสนิคม,2024-03-11,แจ่มใส,0.0,31.1,74.1,9.4,29,26
พนัสนิคม,2024-03-18,แจ่มใส,17.3,30.1,73.1,8.1,26,22
พนัสนิคม,2024-03-25,แจ่มใส,0.0,29.6,69.1,7.9,22,22
พนัสนิคม,2024-04-01,มีเมฆมาก,43.5,30.4,80.1,7.4,22,24
พนัสนิคม,2024-04-08,มีเมฆบางส่วน,43.1,29.6,68.8,10.3,24,18
พนัสนิคม,2024-04-15,มีเมฆบางส่วน,57.1,31.9,72.4,8.7,18,29
พนัสนิคม,2024-04-22,มีเมฆบางส่วน,22.2,31.5,67.1,6.9,29,24
พนัสนิคม,2024-04-29,มีเมฆบางส่วน,40.0,31.7,71.5,5.1,24,23
พนัสนิคม,2024-05-06,ฝนตก,68.7,32.4,77.5,7.1,23,31
พนัสนิคม,2024-05-13,มีเมฆบางส่วน,54.7,30.8,69.2,11.2,31,20
พนัสนิคม,2024-05-20,ฝนตก,77.6,30.8,74.5,11.9,20,24
พนัสนิคม,2024-05-27,มีเมฆบางส่วน,45.0,31.0,75.0,7.0,24,21
พนัสนิคม,2024-06-03,ฝนตก,68.5,31.7,75.9,9.0,21,26
พนัสนิคม,2024-06-10,ฝนตก,73.0,32.0,75.1,7.0,26,33
พนัสนิคม,2024-06-17,ฝนตก,71.6,30.4,75.9,8.0,33,31
พนัสนิคม,2024-06-24,ฝนฟ้าคะนอง,133.5,31.1,70.8,8.8,31,33
พนัสนิคม,2024-07-01,ฝนฟ้าคะนอง,108.6,30.3,79.8,7.9,33,35
พนัสนิคม,2024-07-08,ฝนตก,95.7,29.5,93.6,6.4,35,34
พนัสนิคม,2024-07-15,ฝนตก,74.7,30.2,71.6,7.0,34,34
พนัสนิคม,2024-07-22,ฝนฟ้าคะนอง,118.0,30.5,72.1,12.2,34,28
พนัสนิคม,2024-07-29,ฝนฟ้าคะนอง,141.3,30.9,86.4,6.0,28,35
พนัสนิคม,2024-08-05,ฝนตก,104.6,29.2,78.3,3.3,35,36
พนัสนิคม,2024-08-12,ฝนฟ้าคะนอง,113.2,28.9,77.7,8.8,36,29
พนัสนิคม,2024-08-19,ฝนตก,65.4,29.5,77.8,7.5,29,24
พนัสนิคม,2024-08-26,ฝนฟ้าคะนอง,117.0,28.2,75.7,6.3,24,31
พนัสนิคม,2024-09-02,ฝนตก,99.7,27.9,88.7,8.8,31,32
พนัสนิคม,2024-09-09,ฝนตก,99.5,27.8,68.0,10.2,32,30
พนัสนิคม,2024-09-16,ฝนตก,103.7,28.2,83.1,4.4,30,29
พนัสนิคม,2024-09-23,ฝนตก,82.6,29.5,81.5,2.9,29,25
พนัสนิคม,2024-09-30,ฝนตก,104.7,27.9,72.9,12.5,25,27
พนัสนิคม,2024-10-07,ฝนตก,97.9,27.1,82.4,7.1,27,27
พนัสนิคม,2024-10-14,ฝนตก,100.9,26.4,87.1,8.4,27,33
พนัสนิคม,2024-10-21,มีเมฆบางส่วน,63.8,26.9,69.2,8.6,33,26
พนัสนิคม,2024-10-28,ฝนตก,77.3,26.8,70.2,7.9,26,23
พนัสนิคม,2024-11-04,มีเมฆบางส่วน,44.9,28.4,72.5,10.9,23,21
พนัสนิคม,2024-11-11,ฝนตก,65.4,27.3,66.7,11.3,21,22
พนัสนิคม,2024-11-18,ฝนตก,76.4,26.8,75.6,6.0,22,28
พนัสนิคม,2024-11-25,ฝนตก,66.9,27.6,82.1,10.7,28,29
พนัสนิคม,2024-12-02,แจ่มใส,1.2,27.1,63.1,9.7,29,21
พนัสนิคม,2024-12-09,แจ่มใส,1.9,27.4,60.7,7.9,21,13
พนัสนิคม,2024-12-16,มีเมฆมาก,44.1,27.8,82.4,10.0,13,19
พนัสนิคม,2024-12-23,มีเมฆบางส่วน,50.5,26.6,68.7,8.8,19,14
พนัสนิคม,2024-12-30,มีเมฆบางส่วน,31.7,26.8,72.0,5.5,14,20
พนัสนิคม,2025-01-06,แจ่มใส,12.8,29.2,69.4,6.2,20,21
พนัสนิคม,2025-01-13,แจ่มใส,0.0,28.5,70.9,13.7,21,18
พนัสนิคม,2025-01-20,แจ่มใส,6.5,27.8,69.8,8.9,18,19
พนัสนิคม,2025-01-27,มีเมฆมาก,36.3,27.8,76.9,9.2,19,22
พนัสนิคม,2025-02-03,แจ่มใส,0.0,30.9,63.9,8.7,22,19
พนัสนิคม,2025-02-10,มีเมฆบางส่วน,44.3,29.8,69.5,9.2,19,24
พนัสนิคม,2025-02-17,แจ่มใส,0.0,29.7,69.9,8.5,24,22
พนัสนิคม,2025-02-24,แจ่มใส,14.5,29.4,69.9,6.5,22,28
พนัสนิคม,2025-03-03,แจ่มใส,0.0,30.4,66.4,12.0,28,20
พนัสนิคม,2025-03-10,แจ่มใส,0.0,29.5,69.6,4.8,20,20
พนัสนิคม,2025-03-17,แจ่มใส,0.0,30.3,65.5,4.6,20,25
พนัสนิคม,2025-03-24,แจ่มใส,0.0,30.7,64.5,11.7,25,24
พนัสนิคม,2025-03-31,แจ่มใส,0.0,29.5,71.0,7.4,24,22
พนัสนิคม,2025-04-07,มีเมฆบางส่วน,60.5,30.3,75.1,10.2,22,28
พนัสนิคม,2025-04-14,มีเมฆบางส่วน,29.0,30.6,62.5,5.6,28,26
พนัสนิคม,2025-04-21,มีเมฆมาก,29.5,30.9,76.4,5.3,26,26
พนัสนิคม,2025-04-28,มีเมฆมาก,36.7,30.4,79.2,10.1,26,27
พนัสนิคม,2025-05-05,ฝนตก,99.5,30.1,78.9,8.8,27,27
พนัสนิคม,2025-05-12,ฝนตก,66.6,30.3,78.8,10.4,27,29
พนัสนิคม,2025-05-19,มีเมฆบางส่วน,19.2,30.4,72.9,8.0,29,17
พนัสนิคม,2025-05-26,ฝนตก,87.3,31.2,73.5,10.3,17,24
พนัสนิคม,2025-06-02,ฝนตก,72.4,31.1,84.9,11.7,24,30
พนัสนิคม,2025-06-09,ฝนตก,97.7,31.4,72.5,9.5,30,29
พนัสนิคม,2025-06-16,ฝนตก,94.5,30.7,80.9,8.3,29,21
พนัสนิคม,2025-06-23,ฝนตก,91.4,31.3,80.3,7.8,21,34
พนัสนิคม,2025-06-30,ฝนตก,94.4,31.2,83.6,8.8,34,30
พนัสนิคม,2025-07-07,มีเมฆมาก,54.0,29.8,77.7,7.2,30,31
พนัสนิคม,2025-07-14,ฝนฟ้าคะนอง,110.9,31.1,78.7,9.1,31,34
พนัสนิคม,2025-07-21,ฝนฟ้าคะนอง,140.7,29.0,81.2,10.0,34,38
พนัสนิคม,2025-07-28,ฝนฟ้าคะนอง,112.9,29.9,84.2,10.0,38,33
พนัสนิคม,2025-08-04,ฝนฟ้าคะนอง,122.3,30.0,90.9,9.7,33,34
พนัสนิคม,2025-08-11,ฝนฟ้าคะนอง,113.8,29.6,79.9,8.4,34,29
พนัสนิคม,2025-08-18,ฝนฟ้าคะนอง,143.5,28.4,81.6,8.2,29,38
พนัสนิคม,2025-08-25,ฝนฟ้าคะนอง,105.7,28.7,76.9,11.8,38,23
พนัสนิคม,2025-09-01,ฝนตก,85.6,30.2,80.4,5.5,23,28
พนัสนิคม,2025-09-08,ฝนฟ้าคะนอง,109.1,28.8,89.2,8.9,28,29
พนัสนิคม,2025-09-15,ฝนฟ้าคะนอง,124.9,27.8,76.6,4.0,29,25
พนัสนิคม,2025-09-22,ฝนตก,87.9,27.4,79.2,5.2,25,17
พนัสนิคม,2025-09-29,ฝนตก,84.7,27.9,74.3,11.5,17,21
พนัสนิคม,2025-10-06,ฝนฟ้าคะนอง,106.9,27.5,79.5,6.1,21,27
พนัสนิคม,2025-10-13,ฝนตก,70.7,27.7,74.6,5.8,27,29
พนัสนิคม,2025-10-20,ฝนตก,96.9,27.2,79.4,7.8,29,25
พนัสนิคม,2025-10-27,ฝนตก,89.1,27.1,73.1,4.3,25,25
พนัสนิคม,2025-11-03,ฝนตก,72.5,26.8,88.6,10.0,25,30
พนัสนิคม,2025-11-10,ฝนตก,77.5,28.6,72.6,2.1,30,27
พนัสนิคม,2025-11-17,ฝนตก,72.3,27.4,77.3,11.0,27,27
พนัสนิคม,2025-11-24,ฝนตก,77.6,26.6,71.1,11.7,27,25
พนัสนิคม,2025-12-01,มีเมฆบางส่วน,18.8,27.1,66.8,6.4,25,17
พนัสนิคม,2025-12-08,แจ่มใส,0.0,27.4,65.0,10.5,17,18
พนัสนิคม,2025-12-15,มีเมฆบางส่วน,38.3,27.0,71.6,8.8,18,23
พนัสนิคม,2025-12-22,มีเมฆบางส่วน,30.4,28.3,71.4,9.8,23,21
ศรีราชา,2023-01-02,มีเมฆบางส่วน,25.0,28.5,69.0,6.1,10,23
ศรีราชา,2023-01-09,มีเมฆบางส่วน,21.8,27.9,75.9,6.0,23,24
ศรีราชา,2023-01-16,มีเมฆบางส่วน,48.4,28.9,71.5,8.7,24,28
ศรีราชา,2023-01-23,แจ่มใส,0.0,27.6,67.7,7.2,28,25
ศรีราชา,2023-01-30,มีเมฆบางส่วน,37.2,28.0,66.8,8.7,25,25
ศรีราชา,2023-02-06,มีเมฆมาก,1.6,29.0,79.4,2.8,25,26
ศรีราชา,2023-02-13,แจ่มใส,4.9,28.7,73.0,9.9,26,25
ศรีราชา,2023-02-20,แจ่มใส,0.0,29.1,67.5,7.8,25,24
ศรีราชา,2023-02-27,แจ่มใส,10.6,29.7,63.0,5.6,24,20
ศรีราชา,2023-03-06,มีเมฆบางส่วน,31.4,30.3,74.0,4.7,20,33
ศรีราชา,2023-03-13,แจ่มใส,0.0,30.3,72.3,5.7,33,27
ศรีราชา,2023-03-20,แจ่มใส,16.3,32.2,71.3,11.7,27,32
ศรีราชา,2023-03-27,มีเมฆบางส่วน,20.5,29.5,75.5,4.6,32,35
ศรีราชา,2023-04-03,มีเมฆบางส่วน,36.9,29.0,70.4,9.5,35,29
ศรีราชา,2023-04-10,มีเมฆบางส่วน,48.2,30.3,66.8,7.8,29,30
ศรีราชา,2023-04-17,มีเมฆบางส่วน,24.8,31.7,66.5,8.7,30,30
ศรีราชา,2023-04-24,แจ่มใส,0.0,29.9,68.1,12.6,30,28
ศรีราชา,2023-05-01,มีเมฆบางส่วน,22.0,28.9,74.1,7.8,28,31
ศรีราชา,2023-05-08,มีเมฆมาก,40.6,31.3,76.7,7.0,31,30
ศรีราชา,2023-05-15,มีเมฆบางส่วน,60.6,31.5,74.6,10.2,30,31
ศรีราชา,2023-05-22,มีเมฆบางส่วน,30.8,32.5,68.4,6.7,31,31
ศรีราชา,2023-05-29,มีเมฆบางส่วน,61.5,30.8,74.7,7.9,31,33
ศรีราชา,2023-06-05,มีเมฆบางส่วน,35.6,32.2,71.2,9.3,33,27
ศรีราชา,2023-06-12,ฝนตก,77.1,30.4,83.8,6.7,27,35
ศรีราชา,2023-06-19,ฝนตก,73.2,30.5,74.8,11.0,35,27
ศรีราชา,2023-06-26,มีเมฆบางส่วน,58.6,29.5,69.0,6.1,27,24
ศรีราชา,2023-07-03,ฝนตก,91.5,28.7,73.0,10.8,24,31
ศรีราชา,2023-07-10,ฝนฟ้าคะนอง,111.8,29.4,72.6,5.4,31,34
ศรีราชา,2023-07-17,ฝนฟ้าคะนอง,126.7,30.8,85.1,6.3,34,38
ศรีราชา,2023-07-24,ฝนตก,100.6,30.0,89.2,3.9,38,38
ศรีราชา,2023-07-31,ฝนฟ้าคะนอง,134.3,29.1,79.6,6.8,38,37
ศรีราชา,2023-08-07,ฝนตก,79.9,29.6,80.1,9.2,37,32
ศรีราชา,2023-08-14,ฝนฟ้าคะนอง,116.9,28.6,79.2,13.0,32,34
ศรีราชา,2023-08-21,ฝนตก,88.9,29.3,71.0,5.2,34,30
ศรีราชา,2023-08-28,ฝนฟ้าคะนอง,105.2,29.9,82.5,9.2,30,31
ศรีราชา,2023-09-04,ฝนตก,95.7,28.4,75.4,7.4,31,34
ศรีราชา,2023-09-11,ฝนตก,100.0,28.4,87.0,7.6,34,39
ศรีราชา,2023-09-18,ฝนฟ้าคะนอง,119.9,27.2,75.7,6.1,39,33
ศรีราชา,2023-09-25,ฝนฟ้าคะนอง,105.6,28.7,85.9,8.7,33,33
ศรีราชา,2023-10-02,มีเมฆบางส่วน,41.7,27.6,72.7,8.4,33,36
ศรีราชา,2023-10-09,ฝนฟ้าคะนอง,114.8,28.1,75.8,6.8,36,35
ศรีราชา,2023-10-16,ฝนตก,70.4,27.9,77.5,5.5,35,36
ศรีราชา,2023-10-23,ฝนตก,89.8,26.3,77.6,8.6,36,36
ศรีราชา,2023-10-30,ฝนตก,80.1,28.1,77.7,5.0,36,29
ศรีราชา,2023-11-06,ฝนตก,84.7,28.1,78.9,11.4,29,34
ศรีราชา,2023-11-13,ฝนตก,75.0,26.7,84.9,9.2,34,31
ศรีราชา,2023-11-20,มีเมฆบางส่วน,45.3,27.5,64.6,9.6,31,24
ศรีราชา,2023-11-27,ฝนตก,68.2,26.9,74.2,6.3,24,27
ศรีราชา,2023-12-04,ฝนตก,74.1,28.5,77.9,7.9,27,33
ศรีราชา,2023-12-11,มีเมฆบางส่วน,57.4,27.0,73.9,3.8,33,34
ศรีราชา,2023-12-18,ฝนตก,77.9,27.6,65.9,9.4,34,27
ศรีราชา,2023-12-25,แจ่มใส,17.9,28.0,71.2,6.9,27,24
ศรีราชา,2024-01-01,แจ่มใส,15.1,28.0,64.1,7.2,24,25
ศรีราชา,2024-01-08,แจ่มใส,8.5,27.3,73.9,1.7,25,24
ศรีราชา,2024-01-15,แจ่มใส,0.0,28.4,70.8,10.6,24,21
ศรีราชา,2024-01-22,มีเมฆบางส่วน,25.3,28.4,62.2,12.4,21,18
ศรีราชา,2024-01-29,มีเมฆบางส่วน,21.6,28.5,71.8,6.9,18,26
ศรีราชา,2024-02-05,แจ่มใส,0.0,29.2,65.2,6.4,26,26
ศรีราชา,2024-02-12,มีเมฆบางส่วน,28.7,29.0,75.1,8.1,26,24
ศรีราชา,2024-02-19,แจ่มใส,0.0,29.0,64.5,9.0,24,25
ศรีราชา,2024-02-26,แจ่มใส,0.0,28.0,70.1,6.1,25,25
ศรีราชา,2024-03-04,มีเมฆบางส่วน,29.5,29.3,64.2,11.9,25,27
ศรีราชา,2024-03-11,แจ่มใส,3.1,29.5,65.8,5.3,27,29
ศรีราชา,2024-03-18,แจ่มใส,0.0,30.9,66.0,5.6,29,26
ศรีราชา,2024-03-25,แจ่มใส,0.0,30.1,67.1,9.9,26,19
ศรีราชา,2024-04-01,มีเมฆมาก,58.1,31.4,80.6,7.9,19,33
ศรีราชา,2024-04-08,แจ่มใส,0.1,31.3,64.2,4.2,33,26
ศรีราชา,2024-04-15,มีเมฆบางส่วน,32.6,30.3,73.5,3.8,26,22
ศรีราชา,2024-04-22,มีเมฆบางส่วน,62.7,31.5,69.6,8.0,22,33
ศรีราชา,2024-04-29,มีเมฆมาก,41.7,30.9,78.1,6.3,33,33
ศรีราชา,2024-05-06,มีเมฆบางส่วน,59.6,30.9,72.6,8.2,33,33
ศรีราชา,2024-05-13,มีเมฆบางส่วน,36.9,31.7,67.2,7.5,33,30
ศรีราชา,2024-05-20,ฝนตก,67.9,29.6,79.9,6.4,30,36
ศรีราชา,2024-05-27,มีเมฆมาก,49.5,31.1,83.0,7.4,36,38
ศรีราชา,2024-06-03,ฝนตก,88.4,31.1,78.1,10.0,38,34
ศรีราชา,2024-06-10,ฝนตก,65.9,30.4,75.7,7.5,34,36
ศรีราชา,2024-06-17,ฝนฟ้าคะนอง,116.2,30.2,77.1,4.7,36,44
ศรีราชา,2024-06-24,ฝนตก,94.2,31.2,71.7,8.0,44,40
ศรีราชา,2024-07-01,ฝนตก,102.1,30.9,90.8,5.8,40,36
ศรีราชา,2024-07-08,ฝนตก,88.3,31.3,82.9,7.7,36,37
ศรีราชา,2024-07-15,ฝนตก,89.7,30.8,76.0,7.4,37,38
ศรีราชา,2024-07-22,ฝนตก,103.5,30.0,79.4,9.8,38,42
ศรีราชา,2024-07-29,ฝนฟ้าคะนอง,120.5,30.7,80.3,6.4,42,42
ศรีราชา,2024-08-05,ฝนฟ้าคะนอง,118.8,28.2,79.4,7.8,42,36
ศรีราชา,2024-08-12,ฝนฟ้าคะนอง,147.6,29.5,91.1,8.6,36,40
ศรีราชา,2024-08-19,ฝนตก,94.4,29.2,78.4,4.9,40,35
ศรีราชา,2024-08-26,ฝนฟ้าคะนอง,107.9,29.5,82.2,6.7,35,38
ศรีราชา,2024-09-02,ฝนตก,103.6,26.2,77.0,10.5,38,28
ศรีราชา,2024-09-09,ฝนฟ้าคะนอง,110.1,29.4,76.3,8.0,28,29
ศรีราชา,2024-09-16,ฝนฟ้าคะนอง,143.4,28.2,84.0,11.1,29,37
ศรีราชา,2024-09-23,ฝนตก,88.4,27.8,80.2,6.6,37,27
ศรีราชา,2024-09-30,ฝนฟ้าคะนอง,106.5,27.2,87.8,8.4,27,29
ศรีราชา,2024-10-07,ฝนตก,72.1,26.2,70.4,10.3,29,35
ศรีราชา,2024-10-14,ฝนตก,103.5,27.5,77.2,5.8,35,40
ศรีราชา,2024-10-21,ฝนตก,83.3,29.0,84.1,4.0,40,34
ศรีราชา,2024-10-28,ฝนตก,72.8,27.5,75.7,14.9,34,27
ศรีราชา,2024-11-04,ฝนตก,65.0,27.7,75.1,8.3,27,25
ศรีราชา,2024-11-11,มีเมฆมาก,62.3,27.7,76.5,9.3,25,32
ศรีราชา,2024-11-18,ฝนตก,80.6,27.3,71.0,6.6,32,30
ศรีราชา,2024-11-25,ฝนตก,65.6,27.0,70.5,5.3,30,24
ศรีราชา,2024-12-02,มีเมฆบางส่วน,27.3,26.5,66.0,7.1,24,20
ศรีราชา,2024-12-09,มีเมฆบางส่วน,40.9,28.1,69.7,7.0,20,27
ศรีราชา,2024-12-16,แจ่มใส,16.8,27.0,75.8,10.0,27,27
ศรีราชา,2024-12-23,มีเมฆมาก,52.9,26.2,80.6,8.9,27,31
ศรีราชา,2024-12-30,มีเมฆบางส่วน,41.0,27.6,71.1,8.8,31,27
ศรีราชา,2025-01-06,มีเมฆบางส่วน,31.5,27.1,68.8,12.7,27,23
ศรีราชา,2025-01-13,แจ่มใส,7.1,27.6,70.5,6.3,23,23
ศรีราชา,2025-01-20,มีเมฆบางส่วน,31.0,27.8,75.4,9.9,23,29
ศรีราชา,2025-01-27,แจ่มใส,15.5,30.5,75.0,8.7,29,26
ศรีราชา,2025-02-03,มีเมฆมาก,2.9,30.2,76.9,11.4,26,29
ศรีราชา,2025-02-10,แจ่มใส,0.0,29.5,61.8,4.6,29,27
ศรีราชา,2025-02-17,แจ่มใส,16.5,29.8,72.3,9.2,27,24
ศรีราชา,2025-02-24,แจ่มใส,2.7,28.1,58.3,9.7,24,20
ศรีราชา,2025-03-03,มีเมฆบางส่วน,31.6,30.9,68.4,9.4,20,24
ศรีราชา,2025-03-10,แจ่มใส,0.0,30.2,65.6,7.0,24,31
ศรีราชา,2025-03-17,แจ่มใส,0.0,30.4,63.0,10.1,31,28
ศรีราชา,2025-03-24,มีเมฆบางส่วน,20.7,29.5,66.5,10.1,28,32
ศรีราชา,2025-03-31,มีเมฆบางส่วน,22.9,29.5,72.2,13.6,32,29
ศรีราชา,2025-04-07,มีเมฆบางส่วน,64.7,30.3,74.9,9.4,29,32
ศรีราชา,2025-04-14,แจ่มใส,15.6,30.3,74.7,10.7,32,34
ศรีราชา,2025-04-21,ฝนตก,72.2,30.9,74.4,11.1,34,36
ศรีราชา,2025-04-28,แจ่มใส,10.9,30.1,71.7,7.6,36,30
ศรีราชา,2025-05-05,ฝนตก,83.6,31.6,83.8,3.6,30,36
ศรีราชา,2025-05-12,ฝนตก,75.3,30.0,73.0,6.1,36,34
ศรีราชา,2025-05-19,ฝนตก,95.8,32.5,74.5,9.2,34,38
ศรีราชา,2025-05-26,ฝนตก,68.5,31.4,77.1,11.9,38,39
ศรีราชา,2025-06-02,มีเมฆมาก,64.2,31.4,79.5,8.7,39,39
ศรีราชา,2025-06-09,ฝนตก,91.6,31.0,78.7,3.4,39,37
ศรีราชา,2025-06-16,ฝนตก,72.8,30.0,83.2,9.2,37,35
ศรีราชา,2025-06-23,ฝนตก,75.1,31.1,81.2,6.1,35,35
ศรีราชา,2025-06-30,ฝนฟ้าคะนอง,106.6,29.5,79.4,7.0,35,35
ศรีราชา,2025-07-07,ฝนตก,96.6,30.2,88.2,7.3,35,38
ศรีราชา,2025-07-14,ฝนฟ้าคะนอง,151.5,29.8,93.7,8.0,38,47
ศรีราชา,2025-07-21,ฝนฟ้าคะนอง,124.1,30.4,81.3,6.6,47,42
ศรีราชา,2025-07-28,ฝนฟ้าคะนอง,127.4,30.1,80.4,7.4,42,43
ศรีราชา,2025-08-04,ฝนฟ้าคะนอง,142.0,28.7,80.3,8.9,43,44
ศรีราชา,2025-08-11,ฝนฟ้าคะนอง,140.2,28.3,82.1,5.9,44,39
ศรีราชา,2025-08-18,ฝนฟ้าคะนอง,150.3,28.2,76.4,6.1,39,39
ศรีราชา,2025-08-25,ฝนฟ้าคะนอง,128.7,29.5,88.0,3.9,39,43
ศรีราชา,2025-09-01,ฝนตก,100.8,28.8,72.5,8.0,43,37
ศรีราชา,2025-09-08,ฝนฟ้าคะนอง,133.1,27.1,82.8,5.5,37,38
ศรีราชา,2025-09-15,ฝนฟ้าคะนอง,124.7,29.2,79.0,10.1,38,41
ศรีราชา,2025-09-22,ฝนตก,71.5,28.7,80.7,7.4,41,31
ศรีราชา,2025-09-29,ฝนฟ้าคะนอง,128.4,27.4,81.2,7.9,31,36
ศรีราชา,2025-10-06,ฝนตก,73.7,27.1,76.6,10.3,36,39
ศรีราชา,2025-10-13,มีเมฆบางส่วน,54.3,27.8,68.5,10.3,39,28
ศรีราชา,2025-10-20,ฝนตก,72.7,27.1,75.6,8.7,28,30
ศรีราชา,2025-10-27,ฝนตก,87.4,26.6,81.2,7.9,30,35
ศรีราชา,2025-11-03,มีเมฆบางส่วน,44.4,26.2,72.7,11.0,35,29
ศรีราชา,2025-11-10,มีเมฆมาก,55.6,26.7,82.9,5.6,29,27
ศรีราชา,2025-11-17,ฝนตก,72.5,26.0,82.4,9.4,27,32
ศรีราชา,2025-11-24,ฝนตก,72.3,27.2,70.6,7.7,32,27
ศรีราชา,2025-12-01,มีเมฆมาก,43.2,28.1,80.1,8.9,27,31
ศรีราชา,2025-12-08,มีเมฆบางส่วน,26.0,27.2,73.2,7.1,31,28
ศรีราชา,2025-12-15,แจ่มใส,9.2,26.9,72.2,10.0,28,22
ศรีราชา,2025-12-22,มีเมฆบางส่วน,47.3,27.2,73.3,11.3,22,28
เกาะสีชัง,2023-01-02,แจ่มใส,0.0,27.7,66.7,2.6,3,10
เกาะสีชัง,2023-01-09,แจ่มใส,0.4,28.8,69.8,6.6,10,15
เกาะสีชัง,2023-01-16,มีเมฆบางส่วน,28.3,27.7,68.6,2.9,15,12
เกาะสีชัง,2023-01-23,แจ่มใส,0.0,28.3,63.3,6.8,12,9
เกาะสีชัง,2023-01-30,แจ่มใส,16.1,28.5,71.8,8.0,9,9
เกาะสีชัง,2023-02-06,แจ่มใส,0.0,28.9,66.0,8.2,9,17
เกาะสีชัง,2023-02-13,มีเมฆบางส่วน,22.9,28.5,73.9,9.5,17,14
เกาะสีชัง,2023-02-20,มีเมฆบางส่วน,23.7,29.1,63.6,9.0,14,16
เกาะสีชัง,2023-02-27,แจ่มใส,0.0,29.2,64.4,9.4,16,14
เกาะสีชัง,2023-03-06,แจ่มใส,16.0,30.4,64.0,5.9,14,9
เกาะสีชัง,2023-03-13,มีเมฆบางส่วน,24.8,29.3,71.4,8.9,9,16
เกาะสีชัง,2023-03-20,มีเมฆมาก,0.0,30.1,76.4,11.9,16,19
เกาะสีชัง,2023-03-27,มีเมฆบางส่วน,19.8,29.4,73.8,7.6,19,20
เกาะสีชัง,2023-04-03,มีเมฆบางส่วน,18.6,30.7,70.9,8.6,20,20
เกาะสีชัง,2023-04-10,มีเมฆมาก,19.8,29.9,78.3,13.7,20,20
เกาะสีชัง,2023-04-17,แจ่มใส,3.4,30.3,70.9,11.1,20,13
เกาะสีชัง,2023-04-24,มีเมฆบางส่วน,29.8,31.0,75.6,7.2,13,13
เกาะสีชัง,2023-05-01,ฝนตก,73.7,31.9,75.7,8.9,13,19
เกาะสีชัง,2023-05-08,มีเมฆบางส่วน,41.4,31.8,74.5,9.1,19,26
เกาะสีชัง,2023-05-15,มีเมฆบางส่วน,36.8,30.7,72.8,6.7,26,25
เกาะสีชัง,2023-05-22,มีเมฆบางส่วน,55.9,30.4,74.5,8.4,25,26
เกาะสีชัง,2023-05-29,ฝนตก,68.6,31.4,77.2,7.6,26,23
เกาะสีชัง,2023-06-05,ฝนตก,93.9,30.6,86.8,11.1,23,27
เกาะสีชัง,2023-06-12,ฝนตก,95.8,30.8,72.2,7.5,27,26
เกาะสีชัง,2023-06-19,ฝนตก,92.5,31.2,82.8,6.4,26,25
เกาะสีชัง,2023-06-26,ฝนฟ้าคะนอง,119.4,31.4,79.2,7.8,25,27
เกาะสีชัง,2023-07-03,ฝนฟ้าคะนอง,108.3,30.5,92.6,8.4,27,30
เกาะสีชัง,2023-07-10,ฝนตก,70.5,29.8,81.9,8.9,30,11
เกาะสีชัง,2023-07-17,ฝนฟ้าคะนอง,122.5,31.5,71.5,11.5,11,13
เกาะสีชัง,2023-07-24,ฝนฟ้าคะนอง,128.3,30.1,70.4,9.0,13,26
เกาะสีชัง,2023-07-31,ฝนฟ้าคะนอง,115.6,30.6,78.7,3.7,26,30
เกาะสีชัง,2023-08-07,ฝนฟ้าคะนอง,153.5,30.0,74.9,4.5,30,27
เกาะสีชัง,2023-08-14,ฝนตก,80.0,29.2,78.8,4.7,27,27
เกาะสีชัง,2023-08-21,ฝนฟ้าคะนอง,128.2,28.8,81.2,3.5,27,26
เกาะสีชัง,2023-08-28,ฝนฟ้าคะนอง,115.2,29.3,82.6,8.6,26,25
เกาะสีชัง,2023-09-04,ฝนฟ้าคะนอง,113.9,29.0,80.1,8.7,25,25
เกาะสีชัง,2023-09-11,ฝนตก,93.4,28.6,75.5,8.9,25,23
เกาะสีชัง,2023-09-18,ฝนตก,100.9,28.0,76.6,4.2,23,25
เกาะสีชัง,2023-09-25,ฝนฟ้าคะนอง,112.7,28.8,77.7,12.4,25,23
เกาะสีชัง,2023-10-02,ฝนตก,68.2,26.9,66.8,11.5,23,23
เกาะสีชัง,2023-10-09,ฝนตก,100.7,26.9,88.1,7.2,23,23
เกาะสีชัง,2023-10-16,ฝนฟ้าคะนอง,119.1,28.0,92.1,8.6,23,24
เกาะสีชัง,2023-10-23,ฝนตก,74.0,26.3,74.8,10.6,24,22
เกาะสีชัง,2023-10-30,ฝนตก,87.9,26.9,78.8,10.3,22,22
เกาะสีชัง,2023-11-06,มีเมฆมาก,63.7,26.7,79.3,1.0,22,22
เกาะสีชัง,2023-11-13,ฝนฟ้าคะนอง,116.5,26.2,79.6,8.0,22,21
เกาะสีชัง,2023-11-20,ฝนตก,82.8,27.6,77.9,9.8,21,21
เกาะสีชัง,2023-11-27,ฝนฟ้าคะนอง,130.0,27.4,83.3,4.1,21,23
เกาะสีชัง,2023-12-04,มีเมฆบางส่วน,57.7,26.6,63.6,8.1,23,22
เกาะสีชัง,2023-12-11,มีเมฆบางส่วน,33.4,27.3,62.4,9.0,22,18
เกาะสีชัง,2023-12-18,แจ่มใส,0.0,28.3,71.8,10.6,18,17
เกาะสีชัง,2023-12-25,มีเมฆมาก,46.9,27.9,77.5,3.8,17,14
เกาะสีชัง,2024-01-01,แจ่มใส,0.0,28.2,69.9,8.7,14,17
เกาะสีชัง,2024-01-08,มีเมฆบางส่วน,37.6,27.6,73.3,6.0,17,16
เกาะสีชัง,2024-01-15,มีเมฆมาก,19.4,25.9,82.2,9.3,16,14
เกาะสีชัง,2024-01-22,มีเมฆบางส่วน,54.8,28.0,74.7,6.9,14,23
เกาะสีชัง,2024-01-29,แจ่มใส,10.1,28.4,75.1,9.3,23,18
เกาะสีชัง,2024-02-05,มีเมฆบางส่วน,29.4,31.0,72.8,8.3,18,20
เกาะสีชัง,2024-02-12,มีเมฆบางส่วน,33.8,28.8,70.3,4.5,20,15
เกาะสีชัง,2024-02-19,มีเมฆมาก,0.0,29.2,76.8,9.2,15,13
เกาะสีชัง,2024-02-26,แจ่มใส,0.0,30.2,73.6,8.1,13,14
เกาะสีชัง,2024-03-04,มีเมฆบางส่วน,37.1,29.5,74.0,13.2,14,17
เกาะสีชัง,2024-03-11,แจ่มใส,0.0,30.4,65.6,4.8,17,19
เกาะสีชัง,2024-03-18,มีเมฆบางส่วน,37.0,29.9,70.2,5.8,19,19
เกาะสีชัง,2024-03-25,มีเมฆมาก,0.0,29.4,77.5,9.1,19,19
เกาะสีชัง,2024-04-01,มีเมฆบางส่วน,51.9,31.4,71.6,8.6,19,20
เกาะสีชัง,2024-04-08,มีเมฆบางส่วน,42.1,31.1,70.7,4.9,20,21
เกาะสีชัง,2024-04-15,มีเมฆบางส่วน,28.0,29.5,73.6,10.2,21,27
เกาะสีชัง,2024-04-22,มีเมฆบางส่วน,23.9,30.5,65.1,8.5,27,21
เกาะสีชัง,2024-04-29,แจ่มใส,14.7,30.7,59.7,10.1,21,15
เกาะสีชัง,2024-05-06,มีเมฆบางส่วน,59.2,30.1,71.6,7.4,15,19
เกาะสีชัง,2024-05-13,ฝนตก,70.6,32.1,79.4,10.2,19,28
เกาะสีชัง,2024-05-20,ฝนตก,72.5,31.1,81.0,10.5,28,28
เกาะสีชัง,2024-05-27,มีเมฆบางส่วน,28.0,30.5,69.7,9.8,28,21
เกาะสีชัง,2024-06-03,ฝนฟ้าคะนอง,112.5,31.8,86.4,10.8,21,23
เกาะสีชัง,2024-06-10,ฝนตก,98.1,30.4,70.5,7.3,23,28
เกาะสีชัง,2024-06-17,ฝนตก,97.6,32.3,79.6,13.6,28,28
เกาะสีชัง,2024-06-24,ฝนตก,88.0,29.9,83.2,6.8,28,24
เกาะสีชัง,2024-07-01,ฝนฟ้าคะนอง,135.8,31.0,88.6,7.2,24,29
เกาะสีชัง,2024-07-08,ฝนฟ้าคะนอง,106.3,30.7,87.5,8.8,29,35
เกาะสีชัง,2024-07-15,ฝนฟ้าคะนอง,127.4,30.0,86.2,11.9,35,37
เกาะสีชัง,2024-07-22,ฝนฟ้าคะนอง,133.7,30.2,81.6,9.3,37,37
เกาะสีชัง,2024-07-29,ฝนฟ้าคะนอง,117.2,30.5,81.1,7.2,37,30
เกาะสีชัง,2024-08-05,ฝนฟ้าคะนอง,118.0,30.4,79.8,8.1,30,25
เกาะสีชัง,2024-08-12,ฝนฟ้าคะนอง,130.8,30.2,90.5,8.5,25,30
เกาะสีชัง,2024-08-19,ฝนฟ้าคะนอง,111.6,29.6,81.8,8.1,30,28
เกาะสีชัง,2024-08-26,ฝนฟ้าคะนอง,124.9,29.0,80.5,11.9,28,35
เกาะสีชัง,2024-09-02,ฝนตก,81.1,27.4,72.1,7.8,35,27
เกาะสีชัง,2024-09-09,ฝนฟ้าคะนอง,120.6,28.4,83.9,6.4,27,26
เกาะสีชัง,2024-09-16,ฝนฟ้าคะนอง,107.2,27.1,74.0,5.4,26,26
เกาะสีชัง,2024-09-23,ฝนฟ้าคะนอง,113.0,28.7,71.2,4.6,26,27
เกาะสีชัง,2024-09-30,มีเมฆบางส่วน,46.5,29.1,64.0,9.9,27,17
เกาะสีชัง,2024-10-07,ฝนฟ้าคะนอง,110.6,29.8,68.8,9.6,17,16
เกาะสีชัง,2024-10-14,ฝนตก,96.9,27.4,79.3,5.9,16,23
เกาะสีชัง,2024-10-21,มีเมฆบางส่วน,55.6,28.4,72.1,4.8,23,26
เกาะสีชัง,2024-10-28,ฝนตก,86.0,28.9,83.6,6.2,26,24
เกาะสีชัง,2024-11-04,มีเมฆมาก,62.7,28.4,77.1,8.4,24,21
เกาะสีชัง,2024-11-11,มีเมฆบางส่วน,58.9,28.2,74.5,7.1,21,18
เกาะสีชัง,2024-11-18,มีเมฆบางส่วน,47.8,26.3,69.5,11.4,18,15
เกาะสีชัง,2024-11-25,ฝนตก,75.5,25.6,79.1,7.6,15,17
เกาะสีชัง,2024-12-02,มีเมฆบางส่วน,36.5,27.2,61.4,10.1,17,15
เกาะสีชัง,2024-12-09,มีเมฆบางส่วน,25.6,26.9,63.5,8.5,15,19
เกาะสีชัง,2024-12-16,มีเมฆบางส่วน,37.0,26.6,73.2,7.9,19,20
เกาะสีชัง,2024-12-23,มีเมฆบางส่วน,45.8,25.5,75.8,5.7,20,14
เกาะสีชัง,2024-12-30,มีเมฆบางส่วน,28.4,27.8,62.9,9.6,14,16
เกาะสีชัง,2025-01-06,แจ่มใส,13.4,27.6,64.6,10.4,16,9
เกาะสีชัง,2025-01-13,มีเมฆบางส่วน,35.8,28.1,71.5,4.1,9,14
เกาะสีชัง,2025-01-20,มีเมฆบางส่วน,25.9,27.3,73.3,8.2,14,13
เกาะสีชัง,2025-01-27,มีเมฆบางส่วน,31.2,26.7,73.2,11.7,13,19
เกาะสีชัง,2025-02-03,แจ่มใส,13.6,29.0,66.3,7.3,19,18
เกาะสีชัง,2025-02-10,มีเมฆมาก,0.0,29.7,78.7,7.9,18,13
เกาะสีชัง,2025-02-17,แจ่มใส,0.0,29.7,67.7,10.0,13,12
เกาะสีชัง,2025-02-24,มีเมฆบางส่วน,23.3,29.1,66.9,7.1,12,11
เกาะสีชัง,2025-03-03,มีเมฆมาก,56.1,30.1,77.4,6.8,11,15
เกาะสีชัง,2025-03-10,แจ่มใส,7.2,30.9,66.2,6.0,15,17
เกาะสีชัง,2025-03-17,มีเมฆบางส่วน,23.3,31.3,72.3,9.5,17,21
เกาะสีชัง,2025-03-24,แจ่มใส,0.0,29.5,62.6,4.9,21,19
เกาะสีชัง,2025-03-31,มีเมฆบางส่วน,18.7,30.2,57.1,12.7,19,13
เกาะสีชัง,2025-04-07,ฝนตก,77.6,29.8,72.5,2.9,13,21
เกาะสีชัง,2025-04-14,แจ่มใส,8.3,30.1,62.0,9.8,21,19
เกาะสีชัง,2025-04-21,ฝนตก,72.4,30.4,77.1,5.0,19,21
เกาะสีชัง,2025-04-28,มีเมฆบางส่วน,21.1,31.2,75.4,10.3,21,17
เกาะสีชัง,2025-05-05,ฝนตก,82.0,31.1,75.4,6.4,17,21
เกาะสีชัง,2025-05-12,ฝนตก,98.3,31.3,79.7,7.4,21,33
เกาะสีชัง,2025-05-19,ฝนตก,88.7,30.6,76.4,7.5,33,28
เกาะสีชัง,2025-05-26,มีเมฆมาก,44.6,31.4,80.2,5.0,28,21
เกาะสีชัง,2025-06-02,ฝนตก,76.9,30.5,86.4,10.3,21,27
เกาะสีชัง,2025-06-09,ฝนตก,81.7,30.6,69.7,9.8,27,26
เกาะสีชัง,2025-06-16,ฝนฟ้าคะนอง,115.8,30.7,80.0,8.4,26,30
เกาะสีชัง,2025-06-23,มีเมฆบางส่วน,55.2,31.4,74.0,5.6,30,19
เกาะสีชัง,2025-06-30,ฝนตก,84.5,31.9,85.7,8.8,19,31
เกาะสีชัง,2025-07-07,ฝนฟ้าคะนอง,106.7,30.8,77.5,6.8,31,26
เกาะสีชัง,2025-07-14,มีเมฆบางส่วน,62.3,31.1,71.6,6.2,26,20
เกาะสีชัง,2025-07-21,ฝนตก,103.1,31.4,89.8,4.2,20,26
เกาะสีชัง,2025-07-28,ฝนตก,84.9,30.8,78.8,6.5,26,26
เกาะสีชัง,2025-08-04,ฝนตก,104.5,30.3,82.2,9.5,26,18
เกาะสีชัง,2025-08-11,ฝนฟ้าคะนอง,113.5,30.7,87.1,3.8,18,25
เกาะสีชัง,2025-08-18,ฝนตก,88.6,30.4,79.0,6.2,25,25
เกาะสีชัง,2025-08-25,มีเมฆบางส่วน,57.6,28.4,74.5,9.9,25,15
เกาะสีชัง,2025-09-01,ฝนตก,99.2,29.0,71.7,8.5,15,20
เกาะสีชัง,2025-09-08,ฝนฟ้าคะนอง,145.3,28.1,83.1,10.0,20,21
เกาะสีชัง,2025-09-15,ฝนตก,102.8,27.9,78.6,10.0,21,24
เกาะสีชัง,2025-09-22,ฝนตก,91.2,28.3,85.5,6.1,24,25
เกาะสีชัง,2025-09-29,ฝนตก,103.4,28.2,71.2,11.2,25,20
เกาะสีชัง,2025-10-06,ฝนฟ้าคะนอง,110.1,27.1,77.0,10.8,20,24
เกาะสีชัง,2025-10-13,ฝนตก,92.1,28.1,76.7,8.0,24,21
เกาะสีชัง,2025-10-20,ฝนฟ้าคะนอง,107.4,27.1,87.2,7.3,21,23
เกาะสีชัง,2025-10-27,ฝนตก,104.2,27.6,78.0,7.9,23,26
เกาะสีชัง,2025-11-03,มีเมฆบางส่วน,45.4,27.2,73.0,10.0,26,19
เกาะสีชัง,2025-11-10,ฝนตก,99.8,27.2,77.8,7.6,19,17
เกาะสีชัง,2025-11-17,มีเมฆมาก,37.2,26.9,77.8,7.9,17,15
เกาะสีชัง,2025-11-24,ฝนตก,87.0,28.4,83.8,6.0,15,19
เกาะสีชัง,2025-12-01,ฝนตก,72.4,27.7,74.6,9.7,19,22
เกาะสีชัง,2025-12-08,มีเมฆบางส่วน,19.9,27.7,74.8,5.3,22,18
เกาะสีชัง,2025-12-15,แจ่มใส,8.0,26.9,66.1,9.1,18,13
เกาะสีชัง,2025-12-22,มีเมฆบางส่วน,18.2,27.6,64.3,9.0,13,17
สัตหีบ,2023-01-02,มีเมฆบางส่วน,20.6,26.8,72.9,15.1,6,14
สัตหีบ,2023-01-09,มีเมฆมาก,9.7,28.8,77.3,10.2,14,12
สัตหีบ,2023-01-16,มีเมฆบางส่วน,24.8,30.1,73.8,5.3,12,22
สัตหีบ,2023-01-23,แจ่มใส,0.0,29.1,63.2,8.2,22,17
สัตหีบ,2023-01-30,แจ่มใส,0.3,29.3,68.6,6.7,17,16
สัตหีบ,2023-02-06,แจ่มใส,0.0,28.3,68.6,10.3,16,16
สัตหีบ,2023-02-13,มีเมฆบางส่วน,39.6,28.7,71.2,5.5,16,25
สัตหีบ,2023-02-20,มีเมฆบางส่วน,51.1,28.0,71.9,10.9,25,19
สัตหีบ,2023-02-27,แจ่มใส,17.5,30.1,70.3,9.3,19,27
สัตหีบ,2023-03-06,มีเมฆบางส่วน,55.2,30.1,71.4,5.9,27,30
สัตหีบ,2023-03-13,แจ่มใส,0.0,30.0,68.5,6.8,30,25
สัตหีบ,2023-03-20,ฝนตก,68.8,30.1,73.4,10.3,25,27
สัตหีบ,2023-03-27,มีเมฆบางส่วน,44.0,30.3,71.6,3.9,27,22
สัตหีบ,2023-04-03,แจ่มใส,0.0,31.1,61.2,10.9,22,21
สัตหีบ,2023-04-10,มีเมฆบางส่วน,27.1,30.3,74.1,6.1,21,21
สัตหีบ,2023-04-17,มีเมฆบางส่วน,58.6,31.1,73.3,9.5,21,26
สัตหีบ,2023-04-24,มีเมฆมาก,40.9,30.3,82.9,6.7,26,32
สัตหีบ,2023-05-01,มีเมฆมาก,55.8,31.7,77.8,10.6,32,27
สัตหีบ,2023-05-08,ฝนตก,83.7,32.4,75.9,8.1,27,29
สัตหีบ,2023-05-15,มีเมฆบางส่วน,52.4,32.3,68.7,5.8,29,34
สัตหีบ,2023-05-22,ฝนตก,73.7,32.6,73.9,8.3,34,30
สัตหีบ,2023-05-29,มีเมฆมาก,63.2,29.9,78.4,8.7,30,28
สัตหีบ,2023-06-05,ฝนตก,78.9,30.2,80.3,5.3,28,31
สัตหีบ,2023-06-12,ฝนฟ้าคะนอง,133.1,31.9,75.1,6.8,31,36
สัตหีบ,2023-06-19,ฝนตก,86.0,29.9,79.4,8.0,36,38
สัตหีบ,2023-06-26,ฝนตก,81.9,31.7,70.7,5.6,38,35
สัตหีบ,2023-07-03,ฝนฟ้าคะนอง,131.5,29.5,82.6,4.8,35,34
สัตหีบ,2023-07-10,ฝนฟ้าคะนอง,126.0,29.8,80.6,5.4,34,32
สัตหีบ,2023-07-17,ฝนฟ้าคะนอง,146.3,30.2,79.1,7.3,32,29
สัตหีบ,2023-07-24,ฝนตก,85.3,31.1,76.7,12.3,29,29
สัตหีบ,2023-07-31,ฝนฟ้าคะนอง,106.8,30.6,66.4,8.5,29,30
สัตหีบ,2023-08-07,ฝนฟ้าคะนอง,147.7,29.9,78.6,10.9,30,32
สัตหีบ,2023-08-14,ฝนตก,95.1,29.3,77.4,11.5,32,31
สัตหีบ,2023-08-21,ฝนฟ้าคะนอง,119.5,29.8,86.6,9.8,31,37
สัตหีบ,2023-08-28,ฝนฟ้าคะนอง,128.4,29.3,88.3,7.8,37,35
สัตหีบ,2023-09-04,ฝนฟ้าคะนอง,145.5,29.4,84.0,7.0,35,40
สัตหีบ,2023-09-11,ฝนฟ้าคะนอง,125.2,28.5,80.2,8.8,40,34
สัตหีบ,2023-09-18,ฝนตก,93.0,28.3,79.6,7.1,34,34
สัตหีบ,2023-09-25,ฝนฟ้าคะนอง,136.0,28.9,81.6,9.7,34,34
สัตหีบ,2023-10-02,มีเมฆบางส่วน,60.3,28.0,75.4,14.0,34,32
สัตหีบ,2023-10-09,ฝนตก,103.1,27.7,80.2,5.7,32,25
สัตหีบ,2023-10-16,ฝนตก,68.3,27.5,65.0,6.7,25,23
สัตหีบ,2023-10-23,ฝนตก,82.8,27.1,75.4,12.0,23,26
สัตหีบ,2023-10-30,ฝนตก,75.2,27.5,76.1,6.2,26,24
สัตหีบ,2023-11-06,ฝนตก,82.2,27.0,71.6,7.9,24,25
สัตหีบ,2023-11-13,แจ่มใส,16.6,27.3,74.2,9.0,25,29
สัตหีบ,2023-11-20,ฝนตก,87.5,28.3,91.6,9.7,29,30
สัตหีบ,2023-11-27,ฝนตก,81.4,26.9,77.5,6.5,30,29
สัตหีบ,2023-12-04,มีเมฆบางส่วน,18.2,27.1,72.1,7.7,29,17
สัตหีบ,2023-12-11,แจ่มใส,0.5,26.8,63.6,9.0,17,18
สัตหีบ,2023-12-18,มีเมฆมาก,55.9,28.1,79.5,9.4,18,24
สัตหีบ,2023-12-25,มีเมฆมาก,56.7,28.2,76.1,10.9,24,17
สัตหีบ,2024-01-01,แจ่มใส,6.0,28.0,74.4,11.6,17,14
สัตหีบ,2024-01-08,มีเมฆบางส่วน,43.4,27.4,67.1,7.5,14,18
สัตหีบ,2024-01-15,แจ่มใส,0.0,28.7,71.4,10.4,18,18
สัตหีบ,2024-01-22,มีเมฆมาก,11.5,28.2,77.7,1.5,18,18
สัตหีบ,2024-01-29,แจ่มใส,12.5,27.5,68.1,7.7,18,17
สัตหีบ,2024-02-05,แจ่มใส,6.4,29.6,67.5,7.0,17,20
สัตหีบ,2024-02-12,แจ่มใส,4.8,28.0,70.8,7.0,20,24
สัตหีบ,2024-02-19,มีเมฆบางส่วน,18.0,30.0,64.9,7.1,24,19
สัตหีบ,2024-02-26,แจ่มใส,0.0,30.1,75.4,5.4,19,20
สัตหีบ,2024-03-04,แจ่มใส,10.7,30.6,60.4,4.3,20,23
สัตหีบ,2024-03-11,แจ่มใส,0.0,29.8,68.8,9.0,23,21
สัตหีบ,2024-03-18,แจ่มใส,4.3,30.7,69.9,6.5,21,23
สัตหีบ,2024-03-25,มีเมฆบางส่วน,20.8,31.4,74.2,10.8,23,22
สัตหีบ,2024-04-01,มีเมฆบางส่วน,21.0,30.7,69.6,5.7,22,28
สัตหีบ,2024-04-08,มีเมฆมาก,51.9,30.6,76.9,8.5,28,30
สัตหีบ,2024-04-15,แจ่มใส,2.9,30.7,68.0,9.4,30,23
สัตหีบ,2024-04-22,แจ่มใส,0.0,30.1,67.7,8.1,23,27
สัตหีบ,2024-04-29,มีเมฆบางส่วน,45.3,30.9,72.8,10.5,27,25
สัตหีบ,2024-05-06,มีเมฆมาก,56.9,30.3,81.4,8.9,25,25
สัตหีบ,2024-05-13,มีเมฆบางส่วน,57.5,31.5,73.1,6.8,25,25
สัตหีบ,2024-05-20,ฝนตก,67.5,30.8,73.2,4.9,25,28
สัตหีบ,2024-05-27,มีเมฆบางส่วน,56.0,30.9,75.2,9.7,28,30
สัตหีบ,2024-06-03,ฝนตก,99.7,30.7,76.1,5.6,30,29
สัตหีบ,2024-06-10,ฝนตก,87.9,30.3,78.2,5.8,29,25
สัตหีบ,2024-06-17,ฝนฟ้าคะนอง,105.5,30.5,75.4,5.5,25,31
สัตหีบ,2024-06-24,ฝนฟ้าคะนอง,117.7,30.6,79.9,10.5,31,27
สัตหีบ,2024-07-01,ฝนฟ้าคะนอง,150.9,31.9,71.1,7.8,27,31
สัตหีบ,2024-07-08,ฝนตก,101.8,29.9,83.3,7.7,31,29
สัตหีบ,2024-07-15,ฝนตก,103.8,30.5,73.5,4.2,29,37
สัตหีบ,2024-07-22,ฝนตก,93.5,30.1,76.3,9.3,37,38
สัตหีบ,2024-07-29,ฝนฟ้าคะนอง,120.4,29.1,74.3,7.1,38,33
สัตหีบ,2024-08-05,ฝนตก,77.1,29.8,71.1,11.4,33,35
สัตหีบ,2024-08-12,ฝนฟ้าคะนอง,109.5,29.5,73.9,9.4,35,30
สัตหีบ,2024-08-19,ฝนตก,91.1,29.0,75.7,7.3,30,32
สัตหีบ,2024-08-26,ฝนตก,97.7,30.4,72.1,11.7,32,27
สัตหีบ,2024-09-02,ฝนฟ้าคะนอง,107.6,27.9,78.1,9.8,27,33
สัตหีบ,2024-09-09,ฝนฟ้าคะนอง,133.8,28.0,83.6,6.2,33,30
สัตหีบ,2024-09-16,ฝนตก,82.4,27.9,78.3,3.6,30,29
สัตหีบ,2024-09-23,ฝนฟ้าคะนอง,141.0,29.0,80.6,4.8,29,34
สัตหีบ,2024-09-30,มีเมฆบางส่วน,56.6,29.0,73.2,12.2,34,22
สัตหีบ,2024-10-07,ฝนฟ้าคะนอง,107.7,27.5,78.2,4.8,22,29
สัตหีบ,2024-10-14,ฝนตก,102.4,28.8,84.3,6.6,29,27
สัตหีบ,2024-10-21,มีเมฆบางส่วน,57.4,28.6,70.4,11.4,27,27
สัตหีบ,2024-10-28,ฝนตก,94.8,27.3,81.7,8.0,27,27
สัตหีบ,2024-11-04,ฝนตก,75.3,27.2,72.3,9.4,27,25
สัตหีบ,2024-11-11,ฝนตก,70.8,27.0,69.7,12.0,25,29
สัตหีบ,2024-11-18,ฝนตก,79.4,27.0,75.2,11.2,29,25
สัตหีบ,2024-11-25,มีเมฆบางส่วน,46.1,28.6,72.8,12.1,25,19
สัตหีบ,2024-12-02,มีเมฆบางส่วน,43.9,29.0,73.0,7.4,19,19
สัตหีบ,2024-12-09,มีเมฆบางส่วน,56.3,27.0,73.7,5.2,19,27
สัตหีบ,2024-12-16,มีเมฆบางส่วน,57.9,27.5,68.6,11.5,27,23
สัตหีบ,2024-12-23,แจ่มใส,8.2,26.3,65.7,4.7,23,18
สัตหีบ,2024-12-30,มีเมฆบางส่วน,48.9,27.3,75.2,6.3,18,22
สัตหีบ,2025-01-06,มีเมฆบางส่วน,54.6,28.0,75.9,4.4,22,29
สัตหีบ,2025-01-13,แจ่มใส,1.9,29.0,67.6,9.4,29,25
สัตหีบ,2025-01-20,แจ่มใส,2.4,29.0,64.5,9.8,25,20
สัตหีบ,2025-01-27,มีเมฆบางส่วน,20.1,27.9,70.5,5.5,20,22
สัตหีบ,2025-02-03,แจ่มใส,6.0,28.8,68.4,8.3,22,19
สัตหีบ,2025-02-10,มีเมฆมาก,2.2,28.5,80.0,10.4,19,21
สัตหีบ,2025-02-17,มีเมฆบางส่วน,30.8,27.8,58.6,7.1,21,16
สัตหีบ,2025-02-24,แจ่มใส,0.0,29.3,72.6,5.4,16,21
สัตหีบ,2025-03-03,แจ่มใส,12.7,30.4,66.8,11.2,21,21
สัตหีบ,2025-03-10,มีเมฆมาก,51.4,29.6,77.4,7.9,21,24
สัตหีบ,2025-03-17,มีเมฆบางส่วน,26.3,29.9,57.6,1.0,24,27
สัตหีบ,2025-03-24,มีเมฆบางส่วน,39.4,31.5,72.3,5.0,27,26
สัตหีบ,2025-03-31,มีเมฆมาก,12.6,29.4,77.6,13.2,26,25
สัตหีบ,2025-04-07,มีเมฆมาก,32.3,29.9,79.3,8.2,25,25
สัตหีบ,2025-04-14,มีเมฆบางส่วน,43.1,30.4,73.5,4.7,25,30
สัตหีบ,2025-04-21,มีเมฆบางส่วน,30.2,31.7,70.3,7.7,30,23
สัตหีบ,2025-04-28,มีเมฆบางส่วน,49.2,30.2,71.0,8.0,23,25
สัตหีบ,2025-05-05,มีเมฆบางส่วน,22.5,30.9,74.4,7.1,25,25
สัตหีบ,2025-05-12,มีเมฆบางส่วน,63.6,31.0,69.8,7.9,25,30
สัตหีบ,2025-05-19,มีเมฆบางส่วน,36.9,30.8,65.1,10.2,30,26
สัตหีบ,2025-05-26,มีเมฆบางส่วน,41.3,31.2,66.5,5.6,26,21
สัตหีบ,2025-06-02,มีเมฆบางส่วน,64.0,31.8,71.4,9.1,21,24
สัตหีบ,2025-06-09,ฝนตก,104.2,30.1,79.7,8.1,24,37
สัตหีบ,2025-06-16,ฝนตก,101.4,30.4,82.6,12.9,37,28
สัตหีบ,2025-06-23,ฝนตก,69.0,30.7,73.5,7.2,28,24
สัตหีบ,2025-06-30,ฝนฟ้าคะนอง,118.4,29.8,80.0,10.4,24,30
สัตหีบ,2025-07-07,ฝนตก,86.1,29.2,76.3,6.3,30,30
สัตหีบ,2025-07-14,ฝนตก,76.8,30.7,77.0,8.4,30,34
สัตหีบ,2025-07-21,ฝนตก,98.0,29.6,76.0,7.6,34,31
สัตหีบ,2025-07-28,ฝนตก,89.4,28.7,75.0,8.8,31,29
สัตหีบ,2025-08-04,ฝนฟ้าคะนอง,141.4,30.6,87.3,11.2,29,36
สัตหีบ,2025-08-11,ฝนฟ้าคะนอง,152.6,30.5,89.5,9.6,36,36
สัตหีบ,2025-08-18,ฝนฟ้าคะนอง,114.1,29.0,83.7,6.3,36,33
สัตหีบ,2025-08-25,มีเมฆบางส่วน,63.2,30.4,73.8,9.0,33,34
สัตหีบ,2025-09-01,ฝนฟ้าคะนอง,114.2,29.3,74.4,13.5,34,34
สัตหีบ,2025-09-08,ฝนฟ้าคะนอง,112.2,29.2,74.5,7.3,34,36
สัตหีบ,2025-09-15,ฝนตก,66.6,28.6,78.0,12.5,36,24
สัตหีบ,2025-09-22,ฝนฟ้าคะนอง,143.0,27.9,81.5,5.2,24,27
สัตหีบ,2025-09-29,ฝนฟ้าคะนอง,116.5,27.5,84.5,6.5,27,26
สัตหีบ,2025-10-06,ฝนตก,75.9,27.8,75.0,8.1,26,28
สัตหีบ,2025-10-13,ฝนฟ้าคะนอง,111.3,27.3,75.0,8.2,28,30
สัตหีบ,2025-10-20,มีเมฆบางส่วน,55.4,26.9,70.5,7.5,30,23
สัตหีบ,2025-10-27,ฝนตก,103.1,26.4,71.4,7.2,23,25
สัตหีบ,2025-11-03,มีเมฆบางส่วน,28.0,26.9,69.1,7.1,25,22
สัตหีบ,2025-11-10,มีเมฆบางส่วน,45.4,28.3,75.4,6.1,22,24
สัตหีบ,2025-11-17,มีเมฆบางส่วน,62.7,28.2,71.9,9.8,24,24
สัตหีบ,2025-11-24,ฝนตก,92.8,28.2,79.2,7.4,24,29
สัตหีบ,2025-12-01,มีเมฆบางส่วน,28.5,28.7,71.5,7.1,29,23
สัตหีบ,2025-12-08,แจ่มใส,5.8,27.9,64.5,10.5,23,16
สัตหีบ,2025-12-15,มีเมฆบางส่วน,35.3,28.4,61.1,12.6,16,17
สัตหีบ,2025-12-22,มีเมฆบางส่วน,35.6,28.0,75.5,8.6,17,24
บ่อทอง,2023-01-02,มีเมฆบางส่วน,55.6,28.9,65.1,14.0,4,12
บ่อทอง,2023-01-09,มีเมฆมาก,45.3,28.3,78.3,6.4,12,20
บ่อทอง,2023-01-16,แจ่มใส,6.8,29.4,70.9,10.2,20,11
บ่อทอง,2023-01-23,แจ่มใส,10.5,28.5,70.3,10.2,11,13
บ่อทอง,2023-01-30,แจ่มใส,13.4,29.1,58.1,9.4,13,13
บ่อทอง,2023-02-06,แจ่มใส,0.0,29.4,74.1,10.4,13,15
บ่อทอง,2023-02-13,มีเมฆบางส่วน,24.3,29.8,70.2,6.4,15,16
บ่อทอง,2023-02-20,มีเมฆบางส่วน,23.4,29.2,65.3,4.1,16,20
บ่อทอง,2023-02-27,แจ่มใส,0.0,29.4,74.2,5.0,20,18
บ่อทอง,2023-03-06,แจ่มใส,8.6,30.4,75.1,4.9,18,21
บ่อทอง,2023-03-13,มีเมฆบางส่วน,35.1,30.0,71.2,9.0,21,21
บ่อทอง,2023-03-20,มีเมฆบางส่วน,25.2,30.5,65.9,10.3,21,23
บ่อทอง,2023-03-27,แจ่มใส,16.5,29.1,69.2,8.4,23,15
บ่อทอง,2023-04-03,มีเมฆบางส่วน,24.6,29.9,73.7,8.4,15,13
บ่อทอง,2023-04-10,มีเมฆบางส่วน,40.2,30.8,75.0,7.1,13,17
บ่อทอง,2023-04-17,แจ่มใส,15.5,30.5,69.8,8.3,17,18
บ่อทอง,2023-04-24,มีเมฆมาก,23.2,30.6,83.1,6.2,18,19
บ่อทอง,2023-05-01,ฝนฟ้าคะนอง,132.5,31.4,75.7,9.9,19,24
บ่อทอง,2023-05-08,ฝนตก,80.0,31.0,74.6,11.7,24,26
บ่อทอง,2023-05-15,ฝนตก,81.4,31.4,74.7,9.4,26,30
บ่อทอง,2023-05-22,มีเมฆมาก,63.0,32.4,79.2,8.5,30,28
บ่อทอง,2023-05-29,มีเมฆบางส่วน,63.0,30.2,74.5,8.5,28,23
บ่อทอง,2023-06-05,ฝนตก,94.9,30.9,82.3,9.5,23,27
บ่อทอง,2023-06-12,มีเมฆบางส่วน,57.4,32.1,73.6,7.8,27,25
บ่อทอง,2023-06-19,ฝนตก,76.8,31.9,83.4,9.0,25,27
บ่อทอง,2023-06-26,ฝนตก,101.1,30.9,78.2,8.8,27,26
บ่อทอง,2023-07-03,ฝนฟ้าคะนอง,113.2,30.3,83.5,6.6,26,31
บ่อทอง,2023-07-10,ฝนตก,87.7,29.7,75.0,5.5,31,30
บ่อทอง,2023-07-17,ฝนตก,86.3,29.7,83.8,6.7,30,27
บ่อทอง,2023-07-24,ฝนตก,85.4,30.7,81.6,9.7,27,28
บ่อทอง,2023-07-31,ฝนฟ้าคะนอง,109.3,29.8,75.9,11.0,28,29
บ่อทอง,2023-08-07,ฝนตก,99.7,29.2,77.5,5.4,29,28
บ่อทอง,2023-08-14,ฝนฟ้าคะนอง,105.9,28.5,72.2,4.4,28,25
บ่อทอง,2023-08-21,ฝนฟ้าคะนอง,113.1,28.6,83.7,7.8,25,28
บ่อทอง,2023-08-28,ฝนฟ้าคะนอง,111.0,28.6,80.8,5.1,28,29
บ่อทอง,2023-09-04,ฝนตก,87.0,28.9,75.9,10.4,29,22
บ่อทอง,2023-09-11,ฝนตก,92.7,28.5,84.1,11.8,22,24
บ่อทอง,2023-09-18,ฝนฟ้าคะนอง,148.1,28.0,89.8,5.8,24,30
บ่อทอง,2023-09-25,มีเมฆมาก,56.1,27.5,76.5,5.0,30,25
บ่อทอง,2023-10-02,ฝนฟ้าคะนอง,107.4,27.2,75.0,6.9,25,21
บ่อทอง,2023-10-09,ฝนตก,85.3,27.6,75.9,11.9,21,19
บ่อทอง,2023-10-16,ฝนฟ้าคะนอง,118.1,26.8,81.4,10.7,19,26
บ่อทอง,2023-10-23,ฝนตก,78.3,27.9,78.7,6.8,26,26
บ่อทอง,2023-10-30,ฝนฟ้าคะนอง,128.5,27.9,85.0,9.5,26,22
บ่อทอง,2023-11-06,ฝนตก,70.1,26.6,72.8,13.0,22,19
บ่อทอง,2023-11-13,มีเมฆบางส่วน,43.7,28.1,68.1,7.0,19,23
บ่อทอง,2023-11-20,มีเมฆมาก,60.9,26.2,77.4,7.1,23,26
บ่อทอง,2023-11-27,มีเมฆมาก,46.7,28.0,82.0,6.0,26,22
บ่อทอง,2023-12-04,มีเมฆบางส่วน,41.0,27.0,73.9,7.5,22,18
บ่อทอง,2023-12-11,มีเมฆบางส่วน,33.6,27.6,72.5,6.6,18,16
บ่อทอง,2023-12-18,มีเมฆบางส่วน,29.9,27.5,69.1,8.7,16,10
บ่อทอง,2023-12-25,แจ่มใส,16.4,27.4,65.5,11.7,10,13
บ่อทอง,2024-01-01,แจ่มใส,16.3,27.9,69.7,5.2,13,15
บ่อทอง,2024-01-08,แจ่มใส,0.0,28.1,55.2,5.4,15,18
บ่อทอง,2024-01-15,มีเมฆมาก,30.6,29.2,78.3,9.5,18,18
บ่อทอง,2024-01-22,แจ่มใส,0.0,29.1,68.3,13.7,18,15
บ่อทอง,2024-01-29,มีเมฆมาก,55.8,28.1,80.8,11.9,15,16
บ่อทอง,2024-02-05,แจ่มใส,0.0,28.5,61.9,9.5,16,14
บ่อทอง,2024-02-12,แจ่มใส,6.2,29.6,59.4,11.0,14,13
บ่อทอง,2024-02-19,มีเมฆมาก,16.7,29.6,76.7,7.8,13,11
บ่อทอง,2024-02-26,แจ่มใส,6.3,29.3,63.5,8.3,11,13
บ่อทอง,2024-03-04,แจ่มใส,0.0,30.6,65.2,7.1,13,14
บ่อทอง,2024-03-11,มีเมฆบางส่วน,39.5,30.1,72.7,7.0,14,20
บ่อทอง,2024-03-18,มีเมฆมาก,42.1,30.6,76.1,9.4,20,17
บ่อทอง,2024-03-25,แจ่มใส,0.0,30.0,64.4,5.6,17,11
บ่อทอง,2024-04-01,แจ่มใส,2.9,30.7,68.0,6.2,11,16
บ่อทอง,2024-04-08,มีเมฆบางส่วน,23.0,31.6,69.7,9.6,16,20
บ่อทอง,2024-04-15,แจ่มใส,1.7,30.8,62.0,7.8,20,15
บ่อทอง,2024-04-22,มีเมฆบางส่วน,40.9,29.9,72.6,9.3,15,22
บ่อทอง,2024-04-29,แจ่มใส,15.7,30.9,70.6,11.6,22,15
บ่อทอง,2024-05-06,มีเมฆบางส่วน,40.0,33.1,71.0,3.7,15,20
บ่อทอง,2024-05-13,แจ่มใส,0.0,31.3,72.0,5.9,20,18
บ่อทอง,2024-05-20,ฝนตก,80.3,29.9,70.2,7.5,18,19
บ่อทอง,2024-05-27,มีเมฆบางส่วน,53.5,30.2,75.0,7.7,19,23
บ่อทอง,2024-06-03,ฝนตก,91.9,31.0,70.9,9.1,23,24
บ่อทอง,2024-06-10,ฝนตก,83.8,31.6,73.6,11.1,24,30
บ่อทอง,2024-06-17,ฝนตก,104.1,30.2,68.5,10.5,30,27
บ่อทอง,2024-06-24,ฝนตก,71.1,31.7,71.5,7.0,27,28
บ่อทอง,2024-07-01,ฝนตก,83.1,30.1,82.6,8.5,28,31
บ่อทอง,2024-07-08,ฝนฟ้าคะนอง,132.6,30.2,70.9,5.5,31,32
บ่อทอง,2024-07-15,ฝนตก,73.5,29.9,77.8,11.4,32,25
บ่อทอง,2024-07-22,ฝนตก,93.5,30.1,80.0,7.6,25,30
บ่อทอง,2024-07-29,ฝนตก,90.1,30.2,80.1,7.1,30,30
บ่อทอง,2024-08-05,ฝนฟ้าคะนอง,118.3,29.8,82.0,8.9,30,27
บ่อทอง,2024-08-12,ฝนตก,101.1,30.1,82.3,5.6,27,28
บ่อทอง,2024-08-19,มีเมฆมาก,62.8,28.8,79.7,7.7,28,25
บ่อทอง,2024-08-26,มีเมฆบางส่วน,48.6,28.9,75.0,9.1,25,25
บ่อทอง,2024-09-02,ฝนตก,103.0,28.1,72.7,7.5,25,20
บ่อทอง,2024-09-09,ฝนตก,67.0,27.5,82.9,7.4,20,22
บ่อทอง,2024-09-16,ฝนตก,96.3,27.0,83.3,3.0,22,22
บ่อทอง,2024-09-23,ฝนฟ้าคะนอง,106.4,28.4,76.1,3.8,22,22
บ่อทอง,2024-09-30,ฝนตก,91.2,27.7,82.9,5.2,22,25
บ่อทอง,2024-10-07,ฝนตก,91.0,28.2,77.3,9.8,25,23
บ่อทอง,2024-10-14,ฝนตก,97.1,26.5,65.5,8.9,23,23
บ่อทอง,2024-10-21,ฝนตก,98.0,27.2,86.2,6.9,23,26
บ่อทอง,2024-10-28,ฝนตก,100.6,28.8,77.5,6.5,26,21
บ่อทอง,2024-11-04,ฝนตก,94.2,27.6,80.6,15.2,21,23
บ่อทอง,2024-11-11,มีเมฆบางส่วน,31.3,27.2,66.6,7.1,23,17
บ่อทอง,2024-11-18,มีเมฆมาก,47.1,26.3,81.1,8.7,17,18
บ่อทอง,2024-11-25,ฝนตก,76.7,27.6,77.8,9.6,18,21
บ่อทอง,2024-12-02,มีเมฆบางส่วน,47.2,28.1,74.0,7.5,21,25
บ่อทอง,2024-12-09,มีเมฆบางส่วน,22.0,27.8,72.5,6.6,25,17
บ่อทอง,2024-12-16,มีเมฆบางส่วน,24.7,27.2,63.4,6.5,17,17
บ่อทอง,2024-12-23,มีเมฆบางส่วน,60.4,27.9,61.6,9.5,17,16
บ่อทอง,2024-12-30,มีเมฆบางส่วน,42.5,27.5,71.7,7.8,16,17
บ่อทอง,2025-01-06,มีเมฆมาก,41.9,28.2,78.0,10.2,17,21
บ่อทอง,2025-01-13,แจ่มใส,0.0,29.0,65.7,9.6,21,14
บ่อทอง,2025-01-20,แจ่มใส,0.0,29.6,63.2,10.6,14,15
บ่อทอง,2025-01-27,แจ่มใส,3.1,28.2,61.8,8.0,15,11
บ่อทอง,2025-02-03,แจ่มใส,0.0,29.8,69.3,4.6,11,18
บ่อทอง,2025-02-10,แจ่มใส,4.8,28.8,72.3,7.6,18,13
บ่อทอง,2025-02-17,มีเมฆบางส่วน,45.7,29.2,72.6,7.1,13,22
บ่อทอง,2025-02-24,แจ่มใส,0.0,28.1,64.6,11.1,22,19
บ่อทอง,2025-03-03,แจ่มใส,6.8,31.1,72.5,7.4,19,19
บ่อทอง,2025-03-10,มีเมฆบางส่วน,19.6,29.6,70.2,8.7,19,13
บ่อทอง,2025-03-17,แจ่มใส,8.2,29.9,74.0,3.8,13,16
บ่อทอง,2025-03-24,แจ่มใส,1.8,30.8,68.0,12.1,16,19
บ่อทอง,2025-03-31,แจ่มใส,3.3,30.3,66.6,10.0,19,13
บ่อทอง,2025-04-07,แจ่มใส,14.4,31.2,75.7,2.9,13,23
บ่อทอง,2025-04-14,มีเมฆบางส่วน,29.4,29.5,56.2,4.5,23,19
บ่อทอง,2025-04-21,มีเมฆบางส่วน,31.1,31.3,68.7,5.5,19,19
บ่อทอง,2025-04-28,มีเมฆบางส่วน,33.2,31.0,67.7,10.1,19,18
บ่อทอง,2025-05-05,มีเมฆมาก,40.9,30.7,77.9,7.7,18,19
บ่อทอง,2025-05-12,ฝนตก,80.4,32.6,77.9,10.8,19,28
บ่อทอง,2025-05-19,มีเมฆบางส่วน,46.7,31.1,66.7,7.5,28,22
บ่อทอง,2025-05-26,มีเมฆบางส่วน,51.1,30.6,72.2,9.2,22,22
บ่อทอง,2025-06-02,มีเมฆบางส่วน,46.5,30.3,65.5,8.6,22,23
บ่อทอง,2025-06-09,ฝนตก,93.1,30.3,79.5,6.9,23,22
บ่อทอง,2025-06-16,ฝนตก,103.8,31.4,84.2,6.6,22,31
บ่อทอง,2025-06-23,ฝนตก,76.6,31.3,73.9,7.5,31,20
บ่อทอง,2025-06-30,ฝนตก,80.9,30.9,74.8,12.0,20,20
บ่อทอง,2025-07-07,ฝนตก,95.2,29.5,75.7,10.4,20,28
บ่อทอง,2025-07-14,ฝนตก,92.2,29.6,72.4,11.0,28,29
บ่อทอง,2025-07-21,ฝนฟ้าคะนอง,105.3,29.2,73.0,8.4,29,28
บ่อทอง,2025-07-28,มีเมฆมาก,62.2,29.9,82.9,7.5,28,30
บ่อทอง,2025-08-04,ฝนฟ้าคะนอง,129.3,28.4,80.8,7.7,30,25
บ่อทอง,2025-08-11,ฝนตก,93.7,30.3,73.4,10.5,25,24
บ่อทอง,2025-08-18,ฝนฟ้าคะนอง,114.4,29.6,77.6,9.3,24,20
บ่อทอง,2025-08-25,ฝนฟ้าคะนอง,124.7,27.5,80.6,10.0,20,26
บ่อทอง,2025-09-01,ฝนตก,79.1,27.4,73.3,8.4,26,16
บ่อทอง,2025-09-08,ฝนฟ้าคะนอง,107.3,28.5,78.4,9.2,16,23
บ่อทอง,2025-09-15,ฝนตก,95.7,26.9,79.2,5.8,23,21
บ่อทอง,2025-09-22,ฝนฟ้าคะนอง,118.2,29.2,80.8,9.3,21,21
บ่อทอง,2025-09-29,ฝนฟ้าคะนอง,113.0,28.2,86.6,6.8,21,25
บ่อทอง,2025-10-06,ฝนฟ้าคะนอง,110.8,27.5,74.6,13.9,25,20
บ่อทอง,2025-10-13,ฝนตก,86.1,27.8,78.8,7.6,20,22
บ่อทอง,2025-10-20,ฝนตก,82.3,26.8,87.8,7.5,22,25
บ่อทอง,2025-10-27,ฝนตก,80.1,27.3,74.5,4.4,25,22
บ่อทอง,2025-11-03,มีเมฆบางส่วน,51.0,28.1,67.6,6.7,22,17
บ่อทอง,2025-11-10,ฝนตก,91.7,26.7,80.9,10.2,17,20
บ่อทอง,2025-11-17,มีเมฆบางส่วน,29.7,26.3,75.6,5.1,20,20
บ่อทอง,2025-11-24,มีเมฆมาก,62.5,27.6,77.2,5.9,20,18
บ่อทอง,2025-12-01,มีเมฆบางส่วน,48.2,27.1,59.6,9.5,18,13
บ่อทอง,2025-12-08,มีเมฆบางส่วน,42.8,28.5,72.8,10.3,13,18
บ่อทอง,2025-12-15,ฝนตก,67.4,26.8,75.4,9.5,18,19
บ่อทอง,2025-12-22,มีเมฆมาก,57.8,27.3,84.7,12.9,19,21
เกาะจันทร์,2023-01-02,มีเมฆบางส่วน,18.4,28.1,70.1,2.5,6,13
เกาะจันทร์,2023-01-09,แจ่มใส,0.0,28.9,73.0,9.3,13,16
เกาะจันทร์,2023-01-16,แจ่มใส,0.0,28.7,71.1,10.9,16,22
เกาะจันทร์,2023-01-23,แจ่มใส,0.0,28.0,64.3,8.4,22,16
เกาะจันทร์,2023-01-30,แจ่มใส,7.2,29.0,63.3,5.6,16,13
เกาะจันทร์,2023-02-06,แจ่มใส,0.0,28.3,67.8,7.6,13,12
เกาะจันทร์,2023-02-13,มีเมฆบางส่วน,24.2,29.2,76.0,7.6,12,17
เกาะจันทร์,2023-02-20,แจ่มใส,0.0,29.2,71.6,7.1,17,18
เกาะจันทร์,2023-02-27,แจ่มใส,0.0,29.7,65.1,10.0,18,17
เกาะจันทร์,2023-03-06,มีเมฆบางส่วน,45.8,29.3,65.7,6.6,17,14
เกาะจันทร์,2023-03-13,แจ่มใส,0.0,30.6,68.0,6.9,14,15
เกาะจันทร์,2023-03-20,แจ่มใส,0.0,31.3,64.3,5.0,15,20
เกาะจันทร์,2023-03-27,แจ่มใส,7.6,31.6,66.2,9.9,20,22
เกาะจันทร์,2023-04-03,มีเมฆบางส่วน,21.0,30.3,74.0,9.3,22,16
เกาะจันทร์,2023-04-10,แจ่มใส,7.7,29.1,71.8,7.4,16,16
เกาะจันทร์,2023-04-17,แจ่มใส,0.0,30.1,65.6,6.5,16,17
เกาะจันทร์,2023-04-24,มีเมฆบางส่วน,45.3,32.4,72.9,10.6,17,19
เกาะจันทร์,2023-05-01,มีเมฆบางส่วน,23.2,30.9,62.6,8.0,19,16
เกาะจันทร์,2023-05-08,แจ่มใส,17.0,32.3,67.2,4.2,16,23
เกาะจันทร์,2023-05-15,มีเมฆบางส่วน,44.0,31.9,69.2,6.8,23,24
เกาะจันทร์,2023-05-22,ฝนตก,73.1,31.6,75.6,9.2,24,28
เกาะจันทร์,2023-05-29,มีเมฆบางส่วน,64.4,31.0,67.9,9.4,28,25
เกาะจันทร์,2023-06-05,ฝนตก,78.4,31.7,69.5,11.8,25,25
เกาะจันทร์,2023-06-12,ฝนตก,94.5,30.6,70.1,7.7,25,26
เกาะจันทร์,2023-06-19,ฝนตก,102.4,30.7,68.3,4.5,26,33
เกาะจันทร์,2023-06-26,มีเมฆบางส่วน,63.5,31.8,70.3,7.6,33,29
เกาะจันทร์,2023-07-03,ฝนตก,89.6,31.3,78.2,9.1,29,27
เกาะจันทร์,2023-07-10,ฝนฟ้าคะนอง,122.1,31.3,80.8,12.0,27,27
เกาะจันทร์,2023-07-17,ฝนฟ้าคะนอง,124.4,30.5,76.3,8.5,27,28
เกาะจันทร์,2023-07-24,ฝนตก,88.9,30.4,78.5,7.8,28,27
เกาะจันทร์,2023-07-31,ฝนฟ้าคะนอง,105.7,29.9,80.3,6.5,27,36
เกาะจันทร์,2023-08-07,ฝนตก,84.0,28.8,74.7,12.7,36,23
เกาะจันทร์,2023-08-14,ฝนฟ้าคะนอง,124.4,29.4,83.3,10.8,23,30
เกาะจันทร์,2023-08-21,ฝนฟ้าคะนอง,105.1,29.3,70.2,8.2,30,24
เกาะจันทร์,2023-08-28,ฝนฟ้าคะนอง,110.9,28.0,82.2,4.1,24,26
เกาะจันทร์,2023-09-04,ฝนตก,80.6,27.7,82.6,9.4,26,28
เกาะจันทร์,2023-09-11,ฝนฟ้าคะนอง,141.9,27.7,91.1,4.6,28,32
เกาะจันทร์,2023-09-18,ฝนตก,96.8,27.6,81.7,10.2,32,29
เกาะจันทร์,2023-09-25,ฝนฟ้าคะนอง,112.4,28.3,83.0,8.7,29,29
เกาะจันทร์,2023-10-02,ฝนตก,92.0,28.1,70.0,7.7,29,20
เกาะจันทร์,2023-10-09,ฝนตก,93.6,28.7,75.9,8.3,20,25
เกาะจันทร์,2023-10-16,มีเมฆบางส่วน,42.0,27.2,74.4,1.3,25,18
เกาะจันทร์,2023-10-23,ฝนฟ้าคะนอง,111.7,28.3,82.2,10.0,18,24
เกาะจันทร์,2023-10-30,ฝนตก,99.7,27.3,79.5,6.5,24,28
เกาะจันทร์,2023-11-06,ฝนตก,93.5,28.3,76.2,5.8,28,30
เกาะจันทร์,2023-11-13,ฝนตก,72.0,27.5,72.7,9.0,30,20
เกาะจันทร์,2023-11-20,ฝนตก,73.9,28.3,84.3,9.6,20,18
เกาะจันทร์,2023-11-27,มีเมฆบางส่วน,64.3,28.8,70.7,7.9,18,25
เกาะจันทร์,2023-12-04,มีเมฆบางส่วน,46.1,29.3,69.4,5.7,25,26
เกาะจันทร์,2023-12-11,แจ่มใส,6.2,27.4,68.4,10.4,26,20
เกาะจันทร์,2023-12-18,มีเมฆมาก,42.6,27.3,78.8,17.3,20,20
เกาะจันทร์,2023-12-25,มีเมฆบางส่วน,34.7,26.6,68.6,7.5,20,16
เกาะจันทร์,2024-01-01,แจ่มใส,12.0,29.5,75.6,7.6,16,14
เกาะจันทร์,2024-01-08,มีเมฆบางส่วน,41.8,28.2,64.0,9.6,14,19
เกาะจันทร์,2024-01-15,แจ่มใส,0.0,27.7,67.4,9.7,19,14
เกาะจันทร์,2024-01-22,แจ่มใส,0.0,28.8,65.7,9.2,14,11
เกาะจันทร์,2024-01-29,แจ่มใส,0.0,28.8,69.3,10.1,11,12
เกาะจันทร์,2024-02-05,แจ่มใส,0.0,30.2,60.4,10.9,12,18
เกาะจันทร์,2024-02-12,มีเมฆบางส่วน,23.9,28.7,66.5,7.5,18,13
เกาะจันทร์,2024-02-19,แจ่มใส,0.0,29.7,71.2,5.6,13,18
เกาะจันทร์,2024-02-26,แจ่มใส,15.0,30.3,72.5,10.4,18,20
เกาะจันทร์,2024-03-04,มีเมฆบางส่วน,33.9,29.2,71.1,7.9,20,19
เกาะจันทร์,2024-03-11,มีเมฆบางส่วน,22.1,30.6,72.4,7.6,19,17
เกาะจันทร์,2024-03-18,มีเมฆบางส่วน,36.5,30.4,66.9,7.6,17,14
เกาะจันทร์,2024-03-25,แจ่มใส,13.1,30.0,66.6,11.6,14,12
เกาะจันทร์,2024-04-01,มีเมฆมาก,48.0,32.4,78.7,7.9,12,17
เกาะจันทร์,2024-04-08,แจ่มใส,2.5,30.6,64.8,6.3,17,16
เกาะจันทร์,2024-04-15,มีเมฆบางส่วน,30.3,31.2,65.1,6.4,16,19
เกาะจันทร์,2024-04-22,มีเมฆบางส่วน,28.2,32.1,72.3,4.3,19,23
เกาะจันทร์,2024-04-29,มีเมฆบางส่วน,44.5,30.8,66.8,12.0,23,18
เกาะจันทร์,2024-05-06,ฝนตก,74.5,31.2,79.2,11.9,18,25
เกาะจันทร์,2024-05-13,มีเมฆบางส่วน,47.7,31.9,70.1,8.4,25,20
เกาะจันทร์,2024-05-20,มีเมฆบางส่วน,37.3,31.1,73.9,4.1,20,24
เกาะจันทร์,2024-05-27,มีเมฆบางส่วน,42.0,32.0,70.9,5.4,24,24
เกาะจันทร์,2024-06-03,ฝนตก,67.3,31.7,75.4,7.7,24,27
เกาะจันทร์,2024-06-10,ฝนตก,65.4,29.9,77.2,5.5,27,22
เกาะจันทร์,2024-06-17,ฝนฟ้าคะนอง,105.9,31.2,73.4,6.6,22,23
เกาะจันทร์,2024-06-24,ฝนฟ้าคะนอง,126.6,31.5,79.8,9.3,23,24
เกาะจันทร์,2024-07-01,ฝนตก,92.8,30.2,80.5,7.8,24,27
เกาะจันทร์,2024-07-08,ฝนฟ้าคะนอง,109.4,30.0,78.5,7.0,27,28
เกาะจันทร์,2024-07-15,ฝนฟ้าคะนอง,116.7,30.3,74.9,5.7,28,29
เกาะจันทร์,2024-07-22,ฝนฟ้าคะนอง,140.0,30.3,81.3,8.5,29,27
เกาะจันทร์,2024-07-29,ฝนฟ้าคะนอง,136.4,30.3,79.7,7.6,27,28
เกาะจันทร์,2024-08-05,ฝนฟ้าคะนอง,143.9,29.1,84.6,9.3,28,27
เกาะจันทร์,2024-08-12,ฝนฟ้าคะนอง,119.3,29.4,73.3,8.6,27,27
เกาะจันทร์,2024-08-19,ฝนฟ้าคะนอง,117.9,29.2,82.3,11.1,27,23
เกาะจันทร์,2024-08-26,ฝนฟ้าคะนอง,107.5,29.7,82.2,9.1,23,35
เกาะจันทร์,2024-09-02,ฝนฟ้าคะนอง,121.1,29.0,79.8,5.7,35,29
เกาะจันทร์,2024-09-09,ฝนฟ้าคะนอง,123.3,28.5,83.6,7.5,29,27
เกาะจันทร์,2024-09-16,ฝนตก,103.7,28.8,83.6,5.7,27,29
เกาะจันทร์,2024-09-23,ฝนตก,93.3,28.6,77.3,11.6,29,24
เกาะจันทร์,2024-09-30,ฝนฟ้าคะนอง,111.6,28.7,75.9,7.8,24,24
เกาะจันทร์,2024-10-07,ฝนตก,76.2,27.2,81.9,6.6,24,25
เกาะจันทร์,2024-10-14,ฝนตก,94.4,26.6,81.0,4.7,25,26
เกาะจันทร์,2024-10-21,ฝนตก,76.3,27.6,69.9,8.3,26,25
เกาะจันทร์,2024-10-28,ฝนตก,69.7,27.1,77.9,9.1,25,14
เกาะจันทร์,2024-11-04,ฝนตก,104.3,27.7,83.0,7.7,14,16
เกาะจันทร์,2024-11-11,ฝนตก,74.8,26.9,79.0,7.5,16,20
เกาะจันทร์,2024-11-18,มีเมฆบางส่วน,43.0,27.9,66.8,13.2,20,25
เกาะจันทร์,2024-11-25,ฝนตก,95.9,28.2,78.1,10.7,25,24
เกาะจันทร์,2024-12-02,แจ่มใส,0.0,28.6,73.6,7.9,24,15
เกาะจันทร์,2024-12-09,มีเมฆบางส่วน,19.6,26.3,74.9,4.3,15,17
เกาะจันทร์,2024-12-16,แจ่มใส,13.9,26.6,70.7,7.2,17,18
เกาะจันทร์,2024-12-23,แจ่มใส,4.6,27.0,56.6,3.0,18,20
เกาะจันทร์,2024-12-30,ฝนตก,78.3,27.6,72.5,7.3,20,24
เกาะจันทร์,2025-01-06,แจ่มใส,1.1,28.4,68.1,6.7,24,16
เกาะจันทร์,2025-01-13,มีเมฆบางส่วน,18.8,27.6,72.3,6.9,16,17
เกาะจันทร์,2025-01-20,มีเมฆมาก,42.8,28.1,77.3,3.9,17,18
เกาะจันทร์,2025-01-27,แจ่มใส,13.0,29.6,59.6,7.8,18,21
เกาะจันทร์,2025-02-03,แจ่มใส,0.0,29.1,69.7,8.4,21,23
เกาะจันทร์,2025-02-10,แจ่มใส,14.9,30.1,67.8,6.3,23,19
เกาะจันทร์,2025-02-17,แจ่มใส,0.0,29.5,66.1,6.5,19,19
เกาะจันทร์,2025-02-24,แจ่มใส,0.0,29.7,65.6,10.7,19,15
เกาะจันทร์,2025-03-03,มีเมฆบางส่วน,26.3,30.3,74.6,8.3,15,13
เกาะจันทร์,2025-03-10,มีเมฆบางส่วน,34.6,30.1,75.7,9.6,13,16
เกาะจันทร์,2025-03-17,แจ่มใส,0.0,30.6,66.5,10.2,16,16
เกาะจันทร์,2025-03-24,มีเมฆบางส่วน,34.9,30.4,73.3,7.1,16,20
เกาะจันทร์,2025-03-31,มีเมฆบางส่วน,38.6,30.1,74.9,8.1,20,21
เกาะจันทร์,2025-04-07,ฝนตก,70.4,31.7,76.1,8.5,21,22
เกาะจันทร์,2025-04-14,มีเมฆบางส่วน,28.7,31.1,75.4,9.7,22,18
เกาะจันทร์,2025-04-21,มีเมฆบางส่วน,54.0,30.8,69.0,11.1,18,25
เกาะจันทร์,2025-04-28,มีเมฆมาก,38.3,31.3,76.1,11.2,25,25
เกาะจันทร์,2025-05-05,มีเมฆมาก,30.8,32.5,76.7,6.8,25,21
เกาะจันทร์,2025-05-12,ฝนตก,71.1,30.9,77.5,9.7,21,22
เกาะจันทร์,2025-05-19,มีเมฆบางส่วน,35.4,31.4,69.2,8.3,22,17
เกาะจันทร์,2025-05-26,มีเมฆมาก,54.5,31.6,77.0,6.2,17,19
เกาะจันทร์,2025-06-02,ฝนตก,87.8,31.2,79.7,6.8,19,26
เกาะจันทร์,2025-06-09,ฝนฟ้าคะนอง,120.6,31.0,73.1,8.5,26,34
เกาะจันทร์,2025-06-16,มีเมฆบางส่วน,59.2,30.9,73.4,8.2,34,28
เกาะจันทร์,2025-06-23,ฝนฟ้าคะนอง,112.6,30.9,86.8,7.7,28,28
เกาะจันทร์,2025-06-30,ฝนตก,72.8,29.6,77.4,12.7,28,26
เกาะจันทร์,2025-07-07,ฝนฟ้าคะนอง,122.7,29.9,80.3,10.3,26,34
เกาะจันทร์,2025-07-14,ฝนฟ้าคะนอง,140.4,30.7,83.6,8.5,34,30
เกาะจันทร์,2025-07-21,ฝนตก,75.8,29.4,76.6,7.3,30,21
เกาะจันทร์,2025-07-28,ฝนฟ้าคะนอง,106.8,29.9,73.9,7.1,21,24
เกาะจันทร์,2025-08-04,ฝนตก,101.4,29.8,69.6,3.4,24,25
เกาะจันทร์,2025-08-11,ฝนฟ้าคะนอง,117.1,29.5,78.2,5.9,25,27
เกาะจันทร์,2025-08-18,ฝนฟ้าคะนอง,105.3,30.3,78.0,7.9,27,35
เกาะจันทร์,2025-08-25,ฝนฟ้าคะนอง,110.7,29.6,83.4,9.7,35,31
เกาะจันทร์,2025-09-01,ฝนฟ้าคะนอง,111.9,28.3,77.4,8.7,31,34
เกาะจันทร์,2025-09-08,ฝนฟ้าคะนอง,134.3,28.5,87.0,6.0,34,30
เกาะจันทร์,2025-09-15,ฝนฟ้าคะนอง,128.5,29.3,78.3,6.9,30,36
เกาะจันทร์,2025-09-22,ฝนฟ้าคะนอง,109.7,29.5,81.1,8.6,36,29
เกาะจันทร์,2025-09-29,ฝนฟ้าคะนอง,128.4,29.2,76.9,7.2,29,31
เกาะจันทร์,2025-10-06,ฝนตก,84.6,27.2,82.4,10.5,31,24
เกาะจันทร์,2025-10-13,ฝนตก,92.2,26.7,73.7,8.3,24,23
เกาะจันทร์,2025-10-20,ฝนตก,66.2,27.1,70.0,9.0,23,14
เกาะจันทร์,2025-10-27,ฝนตก,65.2,26.3,77.3,3.9,14,19
เกาะจันทร์,2025-11-03,ฝนตก,96.1,28.5,69.5,8.7,19,19
เกาะจันทร์,2025-11-10,มีเมฆมาก,33.8,27.2,77.9,9.4,19,16
เกาะจันทร์,2025-11-17,ฝนตก,75.5,25.7,72.5,6.1,16,19
เกาะจันทร์,2025-11-24,มีเมฆบางส่วน,55.5,27.2,73.2,8.1,19,21
เกาะจันทร์,2025-12-01,มีเมฆบางส่วน,35.8,27.4,73.9,9.9,21,17
เกาะจันทร์,2025-12-08,มีเมฆบางส่วน,31.2,28.4,65.9,12.2,17,12
เกาะจันทร์,2025-12-15,มีเมฆมาก,24.9,26.9,81.7,6.8,12,14
เกาะจันทร์,2025-12-22,มีเมฆบางส่วน,24.3,27.6,69.0,7.7,14,4
